{
	"namespace":"anim",
	"sidebar_anim_off_on":{
		"anim_type":"offset",
		"duration":0,
		"easing":"out_cubic",
		"from":[
			"-100%",
			0
		],
		"play_event":"button.sidebar",
		"to":[
			0,
			0
		]
	},
	"sidebar_anim_off_off":{
		"anim_type":"offset",
		"duration":0,
		"easing":"out_cubic",
		"from":[
			0,
			0
		],
		"next":"@anim.sidebar_anim_off_off2",
		"to":[
			0,
			0
		]
	},
	"sidebar_anim_off_off2":{
		"anim_type":"offset",
		"duration":0,
		"easing":"out_cubic",
		"from":[
			0,
			0
		],
		"to":[
			"-100%",
			0
		]
	},
	"sidebar_anim_on_on":{
		"anim_type":"offset",
		"duration":0,
		"easing":"out_cubic",
		"from":[
			"-100%",
			0
		],
		"to":[
			0,
			0
		]
	},
	"sidebar_anim_on_off":{
		"anim_type":"offset",
		"duration":0,
		"easing":"out_cubic",
		"from":[
			0,
			0
		],
		"play_event":"button.sidebar",
		"next":"@anim.sidebar_anim_on_off2",
		"to":[
			0,
			0
		]
	},
	"sidebar_anim_on_off2":{
		"anim_type":"offset",
		"duration":0,
		"easing":"out_cubic",
		"from":[
			0,
			0
		],
		"to":[
			"-100%",
			0
		]
	},
	"common_animation":{
		"anim_type":"offset",
		"easing":"out_circ",
		"duration":0.3,
		"from":[
			0,
			"-100%"
		],
		"to":[
			0,
			0
		],
		"play_event":"screen.entrance_pop",
		"end_event":"screen.entrance_end"
	},
	"common_animation2":{
		"anim_type":"offset",
		"easing":"out_circ",
		"duration":0.3,
		"from":[
			0,
			"-100%"
		],
		"to":[
			0,
			0
		],
		"play_event":"screen.entrance_push",
		"end_event":"screen.entrance_end"
	},
	"common_animation_exit":{
		"anim_type":"offset",
		"easing":"linear",
		"duration":0.3,
		"from":[
			0,
			0
		],
		"to":[
			0,
			"-100%"
		],
		"play_event":"screen.exit_pop",
		"end_event":"screen.exit_end"
	},
	"common_animation_exit2":{
		"anim_type":"offset",
		"easing":"linear",
		"duration":0.3,
		"from":[
			0,
			0
		],
		"to":[
			0,
			"-100%"
		],
		"play_event":"screen.exit_push",
		"end_event":"screen.exit_end"
	}
}