{
	"namespace":"cl_binding",
	"slot_slected_rc":{
		"type":"stack_panel",
		"collection_name":"hotbar_items",
		"$size_slot_item|default":"",
		"$controls_item|default":"",
		"size":[
			0,
			0
		],
		"controls":[
			{
				"item0@cl_binding.selected_slot_rc":{"collection_index":0}},{"item1@cl_binding.selected_slot_rc":{"collection_index":1}},{"item2@cl_binding.selected_slot_rc":{"collection_index":2}},{"item3@cl_binding.selected_slot_rc":{"collection_index":3}},{"item4@cl_binding.selected_slot_rc":{"collection_index":4}},{"item5@cl_binding.selected_slot_rc":{"collection_index":5}},{"item6@cl_binding.selected_slot_rc":{"collection_index":6}},{"item7@cl_binding.selected_slot_rc":{"collection_index":7}},{"item8@cl_binding.selected_slot_rc":{"collection_index":8}},{"item9@cl_binding.selected_slot_rc":{"collection_index":9}},{"item10@cl_binding.selected_slot_rc":{"collection_index":10}},{"item11@cl_binding.selected_slot_rc":{"collection_index":11}},{"item12@cl_binding.selected_slot_rc":{"collection_index":12}},{"item13@cl_binding.selected_slot_rc":{"collection_index":13}},{"item14@cl_binding.selected_slot_rc":{"collection_index":14}},{"item15@cl_binding.selected_slot_rc":{"collection_index":15}},{"item16@cl_binding.selected_slot_rc":{"collection_index":16}},{"item17@cl_binding.selected_slot_rc":{"collection_index":17}},{"item18@cl_binding.selected_slot_rc":{"collection_index":18}},{"item19@cl_binding.selected_slot_rc":{"collection_index":19}},{"item20@cl_binding.selected_slot_rc":{"collection_index":20}},{"item21@cl_binding.selected_slot_rc":{"collection_index":21}},{"item22@cl_binding.selected_slot_rc":{"collection_index":22}},{"item23@cl_binding.selected_slot_rc":{"collection_index":23}},{"item24@cl_binding.selected_slot_rc":{"collection_index":24}},{"item25@cl_binding.selected_slot_rc":{"collection_index":25}},{"item26@cl_binding.selected_slot_rc":{"collection_index":26}},{"item27@cl_binding.selected_slot_rc":{"collection_index":27}},{"item28@cl_binding.selected_slot_rc":{"collection_index":28}},{"item29@cl_binding.selected_slot_rc":{"collection_index":29}},{"item30@cl_binding.selected_slot_rc":{"collection_index":30}},{"item31@cl_binding.selected_slot_rc":{"collection_index":31}},{"item32@cl_binding.selected_slot_rc":{"collection_index":32}},{"item33@cl_binding.selected_slot_rc":{"collection_index":33}},{"item34@cl_binding.selected_slot_rc":{"collection_index":34}},{"item35@cl_binding.selected_slot_rc":{"collection_index":35
				}
			}
		],
		"bindings":[
			{
				"binding_name":"#collection_index",
				"binding_type":"collection_details",
				"binding_collection_name":"$hotbar_collection_name"
			}
		]
	},
	"selected_slot_rc@common.horizontal_stack_panel":{
		"controls":"$controls_item",
		"size":"$size_slot_item"
	},
	"slot_item@common.empty_panel":{
		"collection_index":"hotbar_items",
		"bindings":[
			{
				"binding_name":"#item_id_aux",
				"binding_type":"collection",
				"binding_collection_name":"hotbar_items"
			},
			{
				"binding_name":"#slot_selected",
				"binding_type":"collection",
				"binding_collection_name":"hotbar_items"
			},
			{
				"binding_name":"#inventory_stack_count",
				"binding_type":"collection",
				"binding_collection_name":"hotbar_items"
			},
			{
				"binding_type":"view",
				"source_property_name":"(#inventory_stack_count * 1)",
				"target_property_name":"#count1"
			},
			{
				"binding_type":"view",
				"source_property_name":"(#inventory_stack_count = 0)",
				"target_property_name":"#count0"
			},
			{
				"binding_type":"view",
				"source_property_name":"(#item_id_aux * #slot_selected)",
				"target_property_name":"#selected_idx",
				"resolve_sibling_scope":true
			},
			{
				"binding_type":"view",
				"source_control_name":"selected_item_idx",
				"source_property_name":"#selected_aux",
				"target_property_name":"#selected_iidx"
			},
			{
				"binding_type":"view",
				"source_property_name":"((#count0 + #count1) * (#item_id_aux = #selected_iidx))",
				"target_property_name":"#count_item_idx"
			},
			{
				"binding_type":"view",
				"source_property_name":"(#not_slot * (#item_id_aux = #selected_iidx))",
				"target_property_name":"#selected_slot_cell"
			},
			{
				"binding_type":"view",
				"source_property_name":"(not (#item_id_aux = -1))",
				"target_property_name":"#not_slot",
				"resolve_sibling_scope":true
			}
		]
	},
	"selected_item_idx@common.empty_panel":{
		"controls":[
			{
				"collection_panel":{
					"type":"collection_panel",
					"collection_name":"hotbar_items",
					"controls":[
						{
							"it0@slot_item":{"collection_index":0}},{"it1@slot_item":{"collection_index":1}},{"it2@slot_item":{"collection_index":2}},{"it3@slot_item":{"collection_index":3}},{"it4@slot_item":{"collection_index":4}},{"it5@slot_item":{"collection_index":5}},{"it6@slot_item":{"collection_index":6}},{"it7@slot_item":{"collection_index":7}},{"it8@slot_item":{"collection_index":8}},{"it9@slot_item":{"collection_index":9}},{"it10@slot_item":{"collection_index":10}},{"it11@slot_item":{"collection_index":11}},{"it12@slot_item":{"collection_index":12}},{"it13@slot_item":{"collection_index":13}},{"it14@slot_item":{"collection_index":14}},{"it15@slot_item":{"collection_index":15}},{"it16@slot_item":{"collection_index":16}},{"it17@slot_item":{"collection_index":17}},{"it18@slot_item":{"collection_index":18}},{"it19@slot_item":{"collection_index":19}},{"it20@slot_item":{"collection_index":20}},{"it21@slot_item":{"collection_index":21}},{"it22@slot_item":{"collection_index":22}},{"it23@slot_item":{"collection_index":23}},{"it24@slot_item":{"collection_index":24}},{"it25@slot_item":{"collection_index":25}},{"it26@slot_item":{"collection_index":26}},{"it27@slot_item":{"collection_index":27}},{"it28@slot_item":{"collection_index":28}},{"it29@slot_item":{"collection_index":29}},{"it30@slot_item":{"collection_index":30}},{"it31@slot_item":{"collection_index":31}},{"it32@slot_item":{"collection_index":32}},{"it33@slot_item":{"collection_index":33}},{"it34@slot_item":{"collection_index":34}},{"it35@slot_item":{"collection_index":35
							}
						}
					]
				}
			}
		],
		"bindings":[
			{
				"binding_name":"#collection_index",
				"binding_type":"collection_details",
				"binding_collection_name":"$hotbar_collection_name"
			},
			{
				"binding_type":"view","source_control_name":"it0","source_property_name":"#not_slot","target_property_name":"#s0"},{"binding_type":"view","source_control_name":"it1","source_property_name":"#not_slot","target_property_name":"#s1"},{"binding_type":"view","source_control_name":"it2","source_property_name":"#not_slot","target_property_name":"#s2"},{"binding_type":"view","source_control_name":"it3","source_property_name":"#not_slot","target_property_name":"#s3"},{"binding_type":"view","source_control_name":"it4","source_property_name":"#not_slot","target_property_name":"#s4"},{"binding_type":"view","source_control_name":"it5","source_property_name":"#not_slot","target_property_name":"#s5"},{"binding_type":"view","source_control_name":"it6","source_property_name":"#not_slot","target_property_name":"#s6"},{"binding_type":"view","source_control_name":"it7","source_property_name":"#not_slot","target_property_name":"#s7"},{"binding_type":"view","source_control_name":"it8","source_property_name":"#not_slot","target_property_name":"#s8"},{"binding_type":"view","source_control_name":"it9","source_property_name":"#not_slot","target_property_name":"#s9"},{"binding_type":"view","source_control_name":"it10","source_property_name":"#not_slot","target_property_name":"#s10"},{"binding_type":"view","source_control_name":"it11","source_property_name":"#not_slot","target_property_name":"#s11"},{"binding_type":"view","source_control_name":"it12","source_property_name":"#not_slot","target_property_name":"#s12"},{"binding_type":"view","source_control_name":"it13","source_property_name":"#not_slot","target_property_name":"#s13"},{"binding_type":"view","source_control_name":"it14","source_property_name":"#not_slot","target_property_name":"#s14"},{"binding_type":"view","source_control_name":"it15","source_property_name":"#not_slot","target_property_name":"#s15"},{"binding_type":"view","source_control_name":"it16","source_property_name":"#not_slot","target_property_name":"#s16"},{"binding_type":"view","source_control_name":"it17","source_property_name":"#not_slot","target_property_name":"#s17"},{"binding_type":"view","source_control_name":"it18","source_property_name":"#not_slot","target_property_name":"#s18"},{"binding_type":"view","source_control_name":"it19","source_property_name":"#not_slot","target_property_name":"#s19"},{"binding_type":"view","source_control_name":"it20","source_property_name":"#not_slot","target_property_name":"#s20"},{"binding_type":"view","source_control_name":"it21","source_property_name":"#not_slot","target_property_name":"#s21"},{"binding_type":"view","source_control_name":"it22","source_property_name":"#not_slot","target_property_name":"#s22"},{"binding_type":"view","source_control_name":"it23","source_property_name":"#not_slot","target_property_name":"#s23"},{"binding_type":"view","source_control_name":"it24","source_property_name":"#not_slot","target_property_name":"#s24"},{"binding_type":"view","source_control_name":"it25","source_property_name":"#not_slot","target_property_name":"#s25"},{"binding_type":"view","source_control_name":"it26","source_property_name":"#not_slot","target_property_name":"#s26"},{"binding_type":"view","source_control_name":"it27","source_property_name":"#not_slot","target_property_name":"#s27"},{"binding_type":"view","source_control_name":"it28","source_property_name":"#not_slot","target_property_name":"#s28"},{"binding_type":"view","source_control_name":"it29","source_property_name":"#not_slot","target_property_name":"#s29"},{"binding_type":"view","source_control_name":"it30","source_property_name":"#not_slot","target_property_name":"#s30"},{"binding_type":"view","source_control_name":"it31","source_property_name":"#not_slot","target_property_name":"#s31"},{"binding_type":"view","source_control_name":"it32","source_property_name":"#not_slot","target_property_name":"#s32"},{"binding_type":"view","source_control_name":"it33","source_property_name":"#not_slot","target_property_name":"#s33"},{"binding_type":"view","source_control_name":"it34","source_property_name":"#not_slot","target_property_name":"#s34"},{"binding_type":"view","source_control_name":"it35","source_property_name":"#not_slot","target_property_name":"#s35"
			},
			{
				"binding_type":"view",
				"source_property_name":"(#s0 + #s1 + #s2 + #s3 + #s4 + #s5 + #s6 + #s7 + #s8 + #s9 + #s10 + #s11 + #s12 + #s13 + #s14 + #s15 + #s16 + #s17 + #s18 + #s19 + #s20 + #s21 + #s22 + #s23 + #s24 + #s25 + #s26 + #s27 + #s28 + #s29 + #s30 + #s31 + #s32 + #s33 + #s34 + #s35)",
				"target_property_name":"#slot_inventory"
			},
			{
				"binding_type":"view","source_control_name":"it0","source_property_name":"#selected_slot_cell","target_property_name":"#0_slt_idx","resolve_sibling_scope":true},{"binding_type":"view","source_control_name":"it1","source_property_name":"#selected_slot_cell","target_property_name":"#1_slt_idx","resolve_sibling_scope":true},{"binding_type":"view","source_control_name":"it2","source_property_name":"#selected_slot_cell","target_property_name":"#2_slt_idx","resolve_sibling_scope":true},{"binding_type":"view","source_control_name":"it3","source_property_name":"#selected_slot_cell","target_property_name":"#3_slt_idx","resolve_sibling_scope":true},{"binding_type":"view","source_control_name":"it4","source_property_name":"#selected_slot_cell","target_property_name":"#4_slt_idx","resolve_sibling_scope":true},{"binding_type":"view","source_control_name":"it5","source_property_name":"#selected_slot_cell","target_property_name":"#5_slt_idx","resolve_sibling_scope":true},{"binding_type":"view","source_control_name":"it6","source_property_name":"#selected_slot_cell","target_property_name":"#6_slt_idx","resolve_sibling_scope":true},{"binding_type":"view","source_control_name":"it7","source_property_name":"#selected_slot_cell","target_property_name":"#7_slt_idx","resolve_sibling_scope":true},{"binding_type":"view","source_control_name":"it8","source_property_name":"#selected_slot_cell","target_property_name":"#8_slt_idx","resolve_sibling_scope":true},{"binding_type":"view","source_control_name":"it9","source_property_name":"#selected_slot_cell","target_property_name":"#9_slt_idx","resolve_sibling_scope":true},{"binding_type":"view","source_control_name":"it10","source_property_name":"#selected_slot_cell","target_property_name":"#10_slt_idx","resolve_sibling_scope":true},{"binding_type":"view","source_control_name":"it11","source_property_name":"#selected_slot_cell","target_property_name":"#11_slt_idx","resolve_sibling_scope":true},{"binding_type":"view","source_control_name":"it12","source_property_name":"#selected_slot_cell","target_property_name":"#12_slt_idx","resolve_sibling_scope":true},{"binding_type":"view","source_control_name":"it13","source_property_name":"#selected_slot_cell","target_property_name":"#13_slt_idx","resolve_sibling_scope":true},{"binding_type":"view","source_control_name":"it14","source_property_name":"#selected_slot_cell","target_property_name":"#14_slt_idx","resolve_sibling_scope":true},{"binding_type":"view","source_control_name":"it15","source_property_name":"#selected_slot_cell","target_property_name":"#15_slt_idx","resolve_sibling_scope":true},{"binding_type":"view","source_control_name":"it16","source_property_name":"#selected_slot_cell","target_property_name":"#16_slt_idx","resolve_sibling_scope":true},{"binding_type":"view","source_control_name":"it17","source_property_name":"#selected_slot_cell","target_property_name":"#17_slt_idx","resolve_sibling_scope":true},{"binding_type":"view","source_control_name":"it18","source_property_name":"#selected_slot_cell","target_property_name":"#18_slt_idx","resolve_sibling_scope":true},{"binding_type":"view","source_control_name":"it19","source_property_name":"#selected_slot_cell","target_property_name":"#19_slt_idx","resolve_sibling_scope":true},{"binding_type":"view","source_control_name":"it20","source_property_name":"#selected_slot_cell","target_property_name":"#20_slt_idx","resolve_sibling_scope":true},{"binding_type":"view","source_control_name":"it21","source_property_name":"#selected_slot_cell","target_property_name":"#21_slt_idx","resolve_sibling_scope":true},{"binding_type":"view","source_control_name":"it22","source_property_name":"#selected_slot_cell","target_property_name":"#22_slt_idx","resolve_sibling_scope":true},{"binding_type":"view","source_control_name":"it23","source_property_name":"#selected_slot_cell","target_property_name":"#23_slt_idx","resolve_sibling_scope":true},{"binding_type":"view","source_control_name":"it24","source_property_name":"#selected_slot_cell","target_property_name":"#24_slt_idx","resolve_sibling_scope":true},{"binding_type":"view","source_control_name":"it25","source_property_name":"#selected_slot_cell","target_property_name":"#25_slt_idx","resolve_sibling_scope":true},{"binding_type":"view","source_control_name":"it26","source_property_name":"#selected_slot_cell","target_property_name":"#26_slt_idx","resolve_sibling_scope":true},{"binding_type":"view","source_control_name":"it27","source_property_name":"#selected_slot_cell","target_property_name":"#27_slt_idx","resolve_sibling_scope":true},{"binding_type":"view","source_control_name":"it28","source_property_name":"#selected_slot_cell","target_property_name":"#28_slt_idx","resolve_sibling_scope":true},{"binding_type":"view","source_control_name":"it29","source_property_name":"#selected_slot_cell","target_property_name":"#29_slt_idx","resolve_sibling_scope":true},{"binding_type":"view","source_control_name":"it30","source_property_name":"#selected_slot_cell","target_property_name":"#30_slt_idx","resolve_sibling_scope":true},{"binding_type":"view","source_control_name":"it31","source_property_name":"#selected_slot_cell","target_property_name":"#31_slt_idx","resolve_sibling_scope":true},{"binding_type":"view","source_control_name":"it32","source_property_name":"#selected_slot_cell","target_property_name":"#32_slt_idx","resolve_sibling_scope":true},{"binding_type":"view","source_control_name":"it33","source_property_name":"#selected_slot_cell","target_property_name":"#33_slt_idx","resolve_sibling_scope":true},{"binding_type":"view","source_control_name":"it34","source_property_name":"#selected_slot_cell","target_property_name":"#34_slt_idx","resolve_sibling_scope":true},{"binding_type":"view","source_control_name":"it35","source_property_name":"#selected_slot_cell","target_property_name":"#35_slt_idx","resolve_sibling_scope":true
			},
			{
				"binding_type":"view",
				"source_property_name":"(#0_slt_idx + #1_slt_idx + #2_slt_idx + #3_slt_idx + #4_slt_idx + #5_slt_idx + #6_slt_idx + #7_slt_idx + #8_slt_idx + #9_slt_idx + #10_slt_idx + #11_slt_idx + #12_slt_idx + #13_slt_idx + #14_slt_idx + #15_slt_idx + #16_slt_idx + #17_slt_idx + #18_slt_idx + #19_slt_idx + #20_slt_idx + #21_slt_idx + #22_slt_idx + #23_slt_idx + #24_slt_idx + #25_slt_idx + #26_slt_idx + #27_slt_idx + #28_slt_idx + #29_slt_idx + #30_slt_idx + #31_slt_idx + #32_slt_idx + #33_slt_idx + #34_slt_idx + #35_slt_idx)",
				"target_property_name":"#selected_sld_idx"
			},
			{
				"binding_type":"view","source_control_name":"it0","source_property_name":"#selected_idx","target_property_name":"#0_slc_idx","resolve_sibling_scope":true},{"binding_type":"view","source_control_name":"it1","source_property_name":"#selected_idx","target_property_name":"#1_slc_idx","resolve_sibling_scope":true},{"binding_type":"view","source_control_name":"it2","source_property_name":"#selected_idx","target_property_name":"#2_slc_idx","resolve_sibling_scope":true},{"binding_type":"view","source_control_name":"it3","source_property_name":"#selected_idx","target_property_name":"#3_slc_idx","resolve_sibling_scope":true},{"binding_type":"view","source_control_name":"it4","source_property_name":"#selected_idx","target_property_name":"#4_slc_idx","resolve_sibling_scope":true},{"binding_type":"view","source_control_name":"it5","source_property_name":"#selected_idx","target_property_name":"#5_slc_idx","resolve_sibling_scope":true},{"binding_type":"view","source_control_name":"it6","source_property_name":"#selected_idx","target_property_name":"#6_slc_idx","resolve_sibling_scope":true},{"binding_type":"view","source_control_name":"it7","source_property_name":"#selected_idx","target_property_name":"#7_slc_idx","resolve_sibling_scope":true},{"binding_type":"view","source_control_name":"it8","source_property_name":"#selected_idx","target_property_name":"#8_slc_idx","resolve_sibling_scope":true
			},
			{
				"binding_type":"view",
				"source_property_name":"(#0_slc_idx + #1_slc_idx + #2_slc_idx + #3_slc_idx + #4_slc_idx + #5_slc_idx + #6_slc_idx + #7_slc_idx + #8_slc_idx)",
				"target_property_name":"#selected_aux"
			},
			{
				"binding_type":"view","source_control_name":"it0","source_property_name":"#count_item_idx","target_property_name":"#0c","resolve_sibling_scope":true},{"binding_type":"view","source_control_name":"it1","source_property_name":"#count_item_idx","target_property_name":"#1c","resolve_sibling_scope":true},{"binding_type":"view","source_control_name":"it2","source_property_name":"#count_item_idx","target_property_name":"#2c","resolve_sibling_scope":true},{"binding_type":"view","source_control_name":"it3","source_property_name":"#count_item_idx","target_property_name":"#3c","resolve_sibling_scope":true},{"binding_type":"view","source_control_name":"it4","source_property_name":"#count_item_idx","target_property_name":"#4c","resolve_sibling_scope":true},{"binding_type":"view","source_control_name":"it5","source_property_name":"#count_item_idx","target_property_name":"#5c","resolve_sibling_scope":true},{"binding_type":"view","source_control_name":"it6","source_property_name":"#count_item_idx","target_property_name":"#6c","resolve_sibling_scope":true},{"binding_type":"view","source_control_name":"it7","source_property_name":"#count_item_idx","target_property_name":"#7c","resolve_sibling_scope":true},{"binding_type":"view","source_control_name":"it8","source_property_name":"#count_item_idx","target_property_name":"#8c","resolve_sibling_scope":true},{"binding_type":"view","source_control_name":"it9","source_property_name":"#count_item_idx","target_property_name":"#9c","resolve_sibling_scope":true},{"binding_type":"view","source_control_name":"it10","source_property_name":"#count_item_idx","target_property_name":"#10c","resolve_sibling_scope":true},{"binding_type":"view","source_control_name":"it11","source_property_name":"#count_item_idx","target_property_name":"#11c","resolve_sibling_scope":true},{"binding_type":"view","source_control_name":"it12","source_property_name":"#count_item_idx","target_property_name":"#12c","resolve_sibling_scope":true},{"binding_type":"view","source_control_name":"it13","source_property_name":"#count_item_idx","target_property_name":"#13c","resolve_sibling_scope":true},{"binding_type":"view","source_control_name":"it14","source_property_name":"#count_item_idx","target_property_name":"#14c","resolve_sibling_scope":true},{"binding_type":"view","source_control_name":"it15","source_property_name":"#count_item_idx","target_property_name":"#15c","resolve_sibling_scope":true},{"binding_type":"view","source_control_name":"it16","source_property_name":"#count_item_idx","target_property_name":"#16c","resolve_sibling_scope":true},{"binding_type":"view","source_control_name":"it17","source_property_name":"#count_item_idx","target_property_name":"#17c","resolve_sibling_scope":true},{"binding_type":"view","source_control_name":"it18","source_property_name":"#count_item_idx","target_property_name":"#18c","resolve_sibling_scope":true},{"binding_type":"view","source_control_name":"it19","source_property_name":"#count_item_idx","target_property_name":"#19c","resolve_sibling_scope":true},{"binding_type":"view","source_control_name":"it20","source_property_name":"#count_item_idx","target_property_name":"#20c","resolve_sibling_scope":true},{"binding_type":"view","source_control_name":"it21","source_property_name":"#count_item_idx","target_property_name":"#21c","resolve_sibling_scope":true},{"binding_type":"view","source_control_name":"it22","source_property_name":"#count_item_idx","target_property_name":"#22c","resolve_sibling_scope":true},{"binding_type":"view","source_control_name":"it23","source_property_name":"#count_item_idx","target_property_name":"#23c","resolve_sibling_scope":true},{"binding_type":"view","source_control_name":"it24","source_property_name":"#count_item_idx","target_property_name":"#24c","resolve_sibling_scope":true},{"binding_type":"view","source_control_name":"it25","source_property_name":"#count_item_idx","target_property_name":"#25c","resolve_sibling_scope":true},{"binding_type":"view","source_control_name":"it26","source_property_name":"#count_item_idx","target_property_name":"#26c","resolve_sibling_scope":true},{"binding_type":"view","source_control_name":"it27","source_property_name":"#count_item_idx","target_property_name":"#27c","resolve_sibling_scope":true},{"binding_type":"view","source_control_name":"it28","source_property_name":"#count_item_idx","target_property_name":"#28c","resolve_sibling_scope":true},{"binding_type":"view","source_control_name":"it29","source_property_name":"#count_item_idx","target_property_name":"#29c","resolve_sibling_scope":true},{"binding_type":"view","source_control_name":"it30","source_property_name":"#count_item_idx","target_property_name":"#30c","resolve_sibling_scope":true},{"binding_type":"view","source_control_name":"it31","source_property_name":"#count_item_idx","target_property_name":"#31c","resolve_sibling_scope":true},{"binding_type":"view","source_control_name":"it32","source_property_name":"#count_item_idx","target_property_name":"#32c","resolve_sibling_scope":true},{"binding_type":"view","source_control_name":"it33","source_property_name":"#count_item_idx","target_property_name":"#33c","resolve_sibling_scope":true},{"binding_type":"view","source_control_name":"it34","source_property_name":"#count_item_idx","target_property_name":"#34c","resolve_sibling_scope":true},{"binding_type":"view","source_control_name":"it35","source_property_name":"#count_item_idx","target_property_name":"#35c","resolve_sibling_scope":true
			},
			{
				"binding_type":"view",
				"source_property_name":"(#0c + #1c + #2c + #3c + #4c + #5c + #6c + #7c + #8c + #9c + #10c + #11c + #12c + #13c + #14c + #15c + #16c + #17c + #18c + #19c + #20c + #21c + #22c + #23c + #24c + #25c + #26c + #27c + #28c + #29c + #30c + #31c + #32c + #33c + #34c + #35c)",
				"target_property_name":"#selected_slot_item_count"
			}
		]
	}
}