{
	"namespace":"pull_inventory",
	"pull_inventory_panel@common.empty_image":{
		"texture":"$bg_stealer",
		"$cell_image_stealer":"textures/ui/cell_image",
		"$bg_stealer|default":"textures/ui/dialog_background_opaque",
		"anchor_from":"bottom_right",
		"anchor_to":"bottom_right",
		"layer":1,
		"size":[
			"100%c + 6px",
			"100%c + 6px"
		],
		"offset":[
			25.3,
			0
		],
		"controls":[
			{
				"stack_button@common.vertical_stack_panel":{
					"$on_click":"button.container_auto_place",
					"$on_double_click":"none",
					"size":[
						18,
						"100%c"
					],
					"controls":[
						{
							"take_chest@pull_inventory.stealer_button":{
								"ignored":"(not $is_chest_screen)",
								"$button_icon":"textures/ui/down_arrow",
								"$button_icon2":"textures/ui/down_arrow",
								"$hover_text":"menu.container.pull_chest",
								"$hover_texts":"Take all Items from Chest"
							}
						},
						{
							"stealer_inv@pull_inventory.stealer_button":{
								"$item_collection_name":"inventory_items",
								"$button_icon":"textures/ui/up_arrow",
								"$button_icon2":"textures/ui/down_arrow",
								"$hover_text":"menu.container.pull_inventory",
								"$hover_texts":"Store all Items from Inventory"
							}
						},
						{
							"stealer_hotbar@pull_inventory.stealer_button":{
								"$item_collection_name":"hotbar_items",
								"$button_icon":"textures/ui/up_arrow",
								"$button_icon2":"textures/ui/up_arrow",
								"$hover_text":"menu.container.pull_hotbar",
								"$hover_texts":"Store all Items from Hotbar"
							}
						}
					]
				}
			}
		]
	},
	"stealer_slot":{
		"type":"input_panel",
		"always_listen_to_input":true,
		"anchor_from":"top_left",
		"anchor_to":"top_left",
		"size":[
			18,
			18
		],
		"$on_click|default":"button.container_auto_place",
		"$on_double_click|default":"none",
		"button_mappings":[
			{
				"mapping_type":"pressed",
				"from_button_id":"button.menu_select",
				"to_button_id":"$on_click"
			},
			{
				"mapping_type":"double_pressed",
				"from_button_id":"button.menu_select",
				"to_button_id":"$on_double_click"
			}
		],
		"bindings":[
			{
				"binding_type":"collection_details",
				"binding_collection_name":"$item_collection_name",
				"binding_condition":"once"
			},
			{
				"binding_name":"#item_id_aux",
				"binding_type":"collection",
				"binding_collection_name":"$item_collection_name"
			},
			{
				"binding_type":"view",
				"source_property_name":"(not (#item_id_aux = -1))",
				"target_property_name":"#visible"
			}
		]
	},
	"stealer_button@common.empty_panel":{
		"$item_collection_name|default":"container_items",
		"$dimension|default":[
			54,
			1
		],
		"size":[
			18,
			18
		],
		"$size_icon":[
			"100%",
			"100%"
		],
		"layer":2,
		"controls":[
			{
				"grid":{
					"grid_dimensions":"$dimension",
					"grid_item_template":"pull_inventory.stealer_slot",
					"collection_name":"$item_collection_name",
					"anchor_from":"top_left",
					"anchor_to":"top_left",
					"type":"grid",
					"size":[
						0,
						0
					]
				}
			},
			{
				"cell@common.empty_image":{
					"texture":"$cell_image_stealer",
					"layer":2,
					"size":[
						"100%",
						"100%"
					]
				}
			},
			{
				"chest_renderer":{
					"type":"custom",
					"layer":3,
					"renderer":"inventory_item_renderer",
					"size":"$item_size",
					"property_bag":{
						"#item_id_aux":3538944
					},
					"$item_size":[
						"100% - 2px",
						"100% - 2px"
					]
				}
			},
			{
				"icon@common.empty_image":{
					"ignored":"(not $is_chest_screen)",
					"texture":"$button_icon",
					"anchor_from":"top_right",
					"anchor_to":"top_right",
					"layer":4,
					"size":[
						"100% - 8px",
						"100% - 8px"
					]
				}
			},
			{
				"icon2@common.empty_image":{
					"ignored":"($is_chest_screen)",
					"texture":"$button_icon2",
					"$button_icon2|default":"textures/none",
					"anchor_from":"top_right",
					"anchor_to":"top_right",
					"layer":4,
					"size":[
						"100% - 8px",
						"100% - 8px"
					]
				}
			},
			{
				"toggle@crafting_new.container_slot_toggle":{
					"$button_type_panel":"pull_inventory.hover_text_double",
					"size":[
						"100%",
						"100%"
					]
				}
			}
		]
	},
	"hover_text_double@common.empty_panel":{
		"controls":[
			{
				"hover_text_vanilla@crafting_new.hover_text_panel_vanilla":{
					"visible":"$hover_text_vanilla"
				}
			},
			{
				"hover_text@crafting_new.hover_text_panel":{
					"visible":"(not $hover_text_vanilla)"
				}
			}
		]
	},
	"clear_crafting_button@pull_inventory.clear_crafting_slot_button":{
		"$clear_crafting|default":"button.container_auto_place",
		"prevent_touch_input":true,
		"layer":1,
		"size":[
			18,
			18
		]
	},
	"clear_crafting_slot":{
		"type":"input_panel",
		"always_listen_to_input":true,
		"anchor_from":"top_left",
		"anchor_to":"top_left",
		"size":[
			18,
			18
		],
		"$on_click|default":"button.container_auto_place",
		"button_mappings":[
			{
				"mapping_type":"pressed",
				"from_button_id":"button.menu_select",
				"to_button_id":"$on_click"
			}
		],
		"bindings":[
			{
				"binding_type":"collection_details",
				"binding_collection_name":"$item_collection_name",
				"binding_condition":"once"
			},
			{
				"binding_name":"#item_id_aux",
				"binding_type":"collection",
				"binding_collection_name":"$item_collection_name"
			},
			{
				"binding_type":"view",
				"source_property_name":"(not (#item_id_aux = -1))",
				"target_property_name":"#visible"
			}
		]
	},
	"clear_crafting_slot_button@common.empty_panel":{
		"$item_collection_name|default":"crafting_input_items",
		"layer":1,
		"$dimension|default":[
			54,
			1
		],
		"size":[
			18,
			18
		],
		"controls":[
			{
				"grid":{
					"grid_dimensions":"$dimension",
					"grid_item_template":"pull_inventory.clear_crafting_slot",
					"collection_name":"$item_collection_name",
					"anchor_from":"top_left",
					"anchor_to":"top_left",
					"type":"grid",
					"size":[
						0,
						0
					]
				}
			},
			{
				"icon@common.empty_image":{
					"texture":"textures/ui/down_arrow",
					"anchor_from":"top_right",
					"anchor_to":"top_right",
					"layer":10,
					"size":[
						"100% - 8px",
						"100% - 8px"
					]
				}
			},
			{
				"button@start_new.sidebar_button":{
					"$icon_button":"textures/ui/crafting_ic",
					"layer":1,
					"$size_icon":[
						"100%",
						"100%"
					],
					"size":[
						18,
						18
					]
				}
			}
		]
	}
}