{
	"namespace":"chat_new",
	"auto_complete_button_stack@common.horizontal_stack_panel":{
		"size":[
			"100%c",
			"100%cm"
		],
		"controls":[
			{
				"autocomplete_back@button_pressed_name":{
					"$icon_button":"textures/ui/chat_autocompleteback",
					"$pressed_button_name":"button.chat_autocomplete_back"
				}
			},
			{
				"autocomplete@button_pressed_name":{
					"$icon_button":"textures/ui/chat_autocomplete",
					"$pressed_button_name":"button.chat_autocomplete"
				}
			}
		],
		"bindings":[
			{
				"binding_type":"view",
				"source_control_name":"chat_copy_mode_toggle",
				"source_property_name":"(not #toggle_state)",
				"target_property_name":"#visible"
			}
		]
	},
	"message_button_stack@common.horizontal_stack_panel":{
		"size":[
			"100%c",
			"100%cm"
		],
		"controls":[
			{
				"chat_previous@button_pressed_name":{
					"$icon_button":"textures/ui/chat_previous",
					"$pressed_button_name":"button.chat_previous_message"
				}
			},
			{
				"chat_next@button_pressed_name":{
					"$icon_button":"textures/ui/chat_next",
					"$pressed_button_name":"button.chat_next_message"
				}
			}
		],
		"bindings":[
			{
				"binding_type":"view",
				"source_control_name":"chat_copy_mode_toggle",
				"source_property_name":"(not #toggle_state)",
				"target_property_name":"#visible"
			}
		]
	},
	"button_pressed_name@common_buttons.light_content_button":{
		"$button_type_panel":"chat_new.button_icon",
		"size":"$button_size",
		"$button_size|default":[
			27,
			27
		],
		"button_mappings":[
			{
				"from_button_id":"button.menu_select",
				"to_button_id":"$pressed_button_name",
				"mapping_type":"pressed"
			},
			{
				"from_button_id":"button.menu_ok",
				"to_button_id":"$pressed_button_name",
				"mapping_type":"focused"
			},
			{
				"from_button_id":"button.controller_back",
				"to_button_id":"$pressed_button_name",
				"mapping_type":"global"
			}
		]
	},
	"button_icon@common.empty_image":{
		"$icon_size|default":[
			16,
			16
		],
		"size":"$icon_size",
		"texture":"$icon_button",
		"layer":5,
		"color":"$text_color"
	},
	"chat_visibility_mode_toggle@common_toggles.light_content_toggle":{
		"$toggle_default_state":false,
		"$toggle_view_binding_name":"chat_visibility_mode_toggle",
		"$pressed_no_hover_texture":"textures/ui/button_borderless_light",
		"$pressed_texture":"textures/ui/button_borderless_light",
		"$toggle_name":"(not $chat_visibility_mode)",
		"$button_content":"chat_new.chat_icon_visibility_mode",
		"size":[
			27,
			27
		],
		"$icons_color":"$title_text_color",
		"bindings":[
			{
				"binding_type":"view",
				"source_control_name":"chat_copy_mode_toggle",
				"source_property_name":"(not #toggle_state)",
				"target_property_name":"#visible"
			}
		]
	},
	"chat_icon_visibility_mode@common.empty_image":{
		"controls":[
			{
				"autocomplete_icon":{
					"type":"label",
					"ignored":"$pressed_state",
					"color":"$text_color",
					"text":"/_",
					"size":[
						"default",
						10
					]
				}
			},
			{
				"chat_icon@common.empty_image":{
					"ignored":"(not $pressed_state)",
					"texture":"textures/ui/flyout",
					"size":[
						16,
						16
					]
				}
			}
		]
	},
	"chat_copy_mode_toggle@common_toggles.light_content_toggle":{
		"$toggle_view_binding_name":"chat_copy_mode_toggle",
		"$pressed_no_hover_texture":"textures/ui/button_borderless_light",
		"$pressed_texture":"textures/ui/button_borderless_light",
		"$toggle_name":"(not $chat_copy_mode)",
		"$button_content":"chat_new.chat_icon_copy_mode",
		"size":[
			27,
			27
		],
		"$icons_color":"$title_text_color"
	},
	"chat_icon_copy_mode@common.empty_image":{
		"controls":[
			{
				"edit_icon":{
					"type":"label",
					"ignored":"$pressed_state",
					"color":"$text_color",
					"text":"Aa..",
					"size":[
						"default",
						10
					]
				}
			},
			{
				"edit_icon_back@common.empty_image":{
					"ignored":"(not $pressed_state)",
					"texture":"textures/ui/arrow_left_white",
					"color":"$title_text_color",
					"size":[
						16,
						16
					]
				}
			}
		]
	},
	"chat_message_content":{
		"type":"stack_panel",
		"size":[
			"100%",
			"100%c"
		],
		"controls":[
			{
				"chat_screen_messages@chat.message_tts_wrapper":{
					"bindings":[
						{
							"binding_type":"view",
							"source_control_name":"chat_copy_mode_toggle",
							"source_property_name":"(not #toggle_state)",
							"target_property_name":"#visible"
						}
					]
				}
			},
			{
				"chat_message_copy_panel@common.empty_panel":{
					"size":[
						"100%",
						"100%c"
					],
					"bindings":[
						{
							"binding_type":"view",
							"source_control_name":"chat_copy_mode_toggle",
							"source_property_name":"#toggle_state",
							"target_property_name":"#visible"
						}
					],
					"controls":[
						{
							"chat_message_copy":{
								"type":"edit_box",
								"place_holder_control":"empty_panel",
								"text_box_name":"chat_copy_edit",
								"text_control":"text_in_textbox",
								"text_type":"ExtendedASCII",
								"pressed_control":"pressed",
								"can_be_deselected":true,
								"hover_control":"hover",
								"enabled_newline":true,
								"focus_enabled":true,
								"max_length":32767,
								"layer":10,
								"size":[
									"100%",
									"100%cm"
								],
								"controls":[
									{
										"back@common.empty_image":{
											"texture":"textures/ui/Black",
											"alpha":0.1,
											"size":[
												"100%",
												"100%sm"
											]
										}
									},
									{
										"hover@common.empty_image":{
											"texture":"textures/ui/focus_border_white",
											"layer":4,
											"size":[
												"100%",
												"100%sm"
											]
										}
									},
									{
										"pressed@common.empty_image":{
											"texture":"textures/ui/focus_border_white",
											"layer":4,
											"size":[
												"100%",
												"100%sm"
											]
										}
									},
									{
										"text_in_textbox":{
											"type":"label",
											"localize":false,
											"text":"#item_name",
											"layer":3,
											"font_type":"$chat_font_type",
											"font_scale_factor":"$chat_font_scale_factor",
											"line_padding":"$chat_line_spacing",
											"$text_box_name":"chat_copy_edit",
											"$newline_refresh":"#newline_refresh",
											"property_bag":{
												"#property_field":"#item_name"
											},
											"size":[
												"100%",
												"default"
											],
											"bindings":[
												{
													"binding_name":"#text"
												},
												{
													"binding_type":"view",
													"source_property_name":"#text",
													"target_property_name":"#item_name"
												},
												{
													"binding_name":"#newline_refresh"
												}
											]
										}
									},
									{
										"empty@common.empty_panel":{
											"size":[
												"100%",
												"100%sm"
											]
										}
									},
									{
										"show_edit_message@common.empty_image":{
											"texture":"textures/ui/White",
											"color":"yellow",
											"alpha":0.2,
											"size":[
												"100%sm",
												"100%sm"
											],
											"layer":1,
											"bindings":[
												{
													"binding_type":"view",
													"source_control_name":"text_in_textbox",
													"source_property_name":"#item_name",
													"target_property_name":"#item_name",
													"resolve_sibling_scope":true
												},
												{
													"binding_name":"#text"
												},
												{
													"binding_type":"view",
													"source_property_name":"(not (' ' + #item_name = ' ' + #text))",
													"target_property_name":"#visible"
												}
											]
										}
									}
								],
								"button_mappings":[
									{
										"from_button_id":"button.menu_select",
										"to_button_id":"button.text_edit_box_selected",
										"handle_select":true,
										"handle_deselect":false,
										"mapping_type":"pressed"
									},
									{
										"from_button_id":"button.menu_select",
										"to_button_id":"button.text_edit_box_selected",
										"handle_select":false,
										"handle_deselect":true,
										"mapping_type":"global",
										"consume_event":false
									},
									{
										"from_button_id":"button.menu_cancel",
										"to_button_id":"button.text_edit_box_deselected",
										"handle_select":false,
										"handle_deselect":true,
										"mapping_type":"global"
									},
									{
										"to_button_id":"button.text_edit_box_hovered",
										"mapping_type":"pressed"
									},
									{
										"from_button_id":"button.menu_clear",
										"to_button_id":"button.text_edit_box_clear",
										"handle_select":false,
										"handle_deselect":false,
										"mapping_type":"focused"
									}
								]
							}
						}
					]
				}
			}
		]
	},
	"edit_box_chat_search_message_copy":{
		"type":"edit_box",
		"place_holder_control":"empty_panel",
		"text_box_name":"chat_search_message_copy",
		"text_control":"text_in_text_box",
		"text_type":"ExtendedASCII",
		"pressed_control":"pressed",
		"can_be_deselected":true,
		"hover_control":"hover",
		"enabled_newline":true,
		"focus_enabled":true,
		"max_length":32767,
		"layer":10,
		"size":[
			"fill",
			27
		],
		"bindings":[
			{
				"binding_type":"view",
				"source_control_name":"chat_copy_mode_toggle",
				"source_property_name":"#toggle_state",
				"target_property_name":"#visible"
			}
		],
		"controls":[
			{
				"back@common.empty_image":{
					"texture":"textures/ui/edit_box_indent",
					"layer":1,
					"size":[
						"100%",
						27
					]
				}
			},
			{
				"hover@common.empty_image":{
					"texture":"textures/ui/edit_box_indent_hover",
					"layer":2,
					"size":[
						"100%",
						27
					]
				}
			},
			{
				"pressed@common.empty_image":{
					"texture":"textures/ui/edit_box_indent_hover",
					"layer":2,
					"size":[
						"100%",
						27
					]
				}
			},
			{
				"text_in_text_box":{
					"type":"label",
					"localize":false,
					"text":"#item_name",
					"layer":3,
					"font_type":"$chat_font_type",
					"font_scale_factor":"$chat_font_scale_factor",
					"line_padding":"$chat_line_spacing",
					"$text_box_name":"chat_search_message_copy",
					"$newline_refresh":"#newline_refresh",
					"property_bag":{
						"#property_field":"#item_name"
					},
					"size":[
						"100% - 2px",
						"default"
					],
					"offset":[
						2,
						0
					],
					"bindings":[
						{
							"binding_name":"#text"
						},
						{
							"binding_type":"view",
							"source_property_name":"#text",
							"target_property_name":"#item_name"
						},
						{
							"binding_name":"#newline_refresh"
						}
					]
				}
			},
			{
				"empty@common.empty_panel":{
					"size":[
						"100%",
						27
					]
				}
			}
		],
		"button_mappings":[
			{
				"from_button_id":"button.menu_select",
				"to_button_id":"button.text_edit_box_selected",
				"handle_select":true,
				"handle_deselect":false,
				"mapping_type":"pressed"
			},
			{
				"from_button_id":"button.menu_select",
				"to_button_id":"button.text_edit_box_selected",
				"handle_select":false,
				"handle_deselect":true,
				"mapping_type":"global",
				"consume_event":false
			},
			{
				"from_button_id":"button.menu_cancel",
				"to_button_id":"button.text_edit_box_deselected",
				"handle_select":false,
				"handle_deselect":true,
				"mapping_type":"global"
			},
			{
				"to_button_id":"button.text_edit_box_hovered",
				"mapping_type":"pressed"
			},
			{
				"from_button_id":"button.menu_clear",
				"to_button_id":"button.text_edit_box_clear",
				"handle_select":false,
				"handle_deselect":false,
				"mapping_type":"focused"
			}
		]
	}
}