{
	"namespace":"hud_new",
	"percentage@common.horizontal_stack_panel":{
		"$property_percentage|default":"(('§z' + (#current_health / 100) + '.' + (#current_health - #current_health / 100 * 100) + '.' + '%%') - '.1.%%' - '.0.%%' - '.%%' + '%%')",
		"$property_visible_percentage|default":"",
		"$percentage|default":"",
		"anchor_from":"bottom_middle",
		"anchor_to":"bottom_middle",
		"size":[
			"100%c",
			"100%cm"
		],
		"controls":[
			{
				"text":{
					"type":"label",
					"text":"#text",
					"layer":5,
					"color":"$color",
					"$color|default":"",
					"shadow":"$shadow",
					"$shadow|default":true,
					"bindings":[
						{
							"binding_name":"#bossName",
							"binding_type":"collection",
							"binding_condition":"always",
							"binding_collection_name":"boss_bars"
						},
						{
							"binding_name":"$percentage",
							"binding_type":"collection",
							"binding_condition":"always",
							"binding_collection_name":"boss_bars"
						},
						{
							"binding_name":"$percentage",
							"binding_condition":"always",
							"binding_type":"global"
						},
						{
							"binding_type":"view",
							"source_property_name":"(100000 - $percentage * 100000)",
							"target_property_name":"#bp"
						},
						{
							"binding_type":"view",
							"source_property_name":"(10000 * ((#bp > 10000) + (#bp > 20000) + (#bp > 30000) + (#bp > 40000) + (#bp > 50000) + (#bp > 60000) + (#bp > 70000) + (#bp > 80000) + (#bp > 90000)))",
							"target_property_name":"#bp_1"
						},
						{
							"binding_type":"view",
							"source_property_name":"(#bp - #bp_1)",
							"target_property_name":"#bp1"
						},
						{
							"binding_type":"view",
							"source_property_name":"(1000 * ((#bp1 > 1000) + (#bp1 > 2000) + (#bp1 > 3000) + (#bp1 > 4000) + (#bp1 > 5000) + (#bp1 > 6000) + (#bp1 > 7000) + (#bp1 > 8000) + (#bp1 > 9000)))",
							"target_property_name":"#bp_2"
						},
						{
							"binding_type":"view",
							"source_property_name":"(#bp1 - #bp_2)",
							"target_property_name":"#bp2"
						},
						{
							"binding_type":"view",
							"source_property_name":"(100 * ((#bp2 > 100) + (#bp2 > 200) + (#bp2 > 300) + (#bp2 > 400) + (#bp2 > 500) + (#bp2 > 600) + (#bp2 > 700) + (#bp2 > 800) + (#bp2 > 900)))",
							"target_property_name":"#bp_3"
						},
						{
							"binding_type":"view",
							"source_property_name":"(#bp2 - #bp_3)",
							"target_property_name":"#bp3"
						},
						{
							"binding_type":"view",
							"source_property_name":"(10 * ((#bp3 > 10) + (#bp3 > 20) + (#bp3 > 30) + (#bp3 > 40) + (#bp3 > 50) + (#bp3 > 60) + (#bp3 > 70) + (#bp3 > 80) + (#bp3 > 90)))",
							"target_property_name":"#bp_4"
						},
						{
							"binding_type":"view",
							"source_property_name":"((#bp_1 + #bp_2 + #bp_3 + #bp_4) / 10 + 1)",
							"target_property_name":"#current_health"
						},
						{
							"binding_type":"view",
							"source_property_name":"$property_percentage",
							"target_property_name":"#text"
						},
						{
							"binding_type":"view",
							"source_property_name":"$property_visible_percentage",
							"target_property_name":"#visible"
						}
					]
				}
			}
		]
	},
	"xp_level@common.horizontal_stack_panel":{
		"anchor_from":"bottom_middle",
		"anchor_to":"bottom_middle",
		"size":[
			"100%c",
			"100%cm"
		],
		"controls":[
			{
				"text":{
					"type":"label",
					"text":"#text",
					"layer":5,
					"color":[
						0.5,
						1,
						0
					],
					"shadow":true,
					"bindings":[
						{
							"binding_type":"view",
							"source_property_name":"('§z' + #current_point + '/' + #exp_require)",
							"target_property_name":"#text"
						},
						{
							"binding_type":"global",
							"binding_name":"#level_number",
							"binding_condition":"always"
						},
						{
							"binding_type":"view",
							"source_property_name":"(#level_number * 1)",
							"target_property_name":"#lv_int"
						},
						{
							"binding_type":"view",
							"source_property_name":"((2 * #lv_int + 7) * (#lv_int < 16))",
							"target_property_name":"#nl1"
						},
						{
							"binding_type":"view",
							"source_property_name":"((5 * #lv_int - 38) * ((#lv_int < 31) and (#lv_int > 15)))",
							"target_property_name":"#nl2"
						},
						{
							"binding_type":"view",
							"source_property_name":"((9 * #lv_int - 158) * (#lv_int > 30))",
							"target_property_name":"#nl3"
						},
						{
							"binding_type":"view",
							"source_property_name":"(#nl1 + #nl2 + #nl3)",
							"target_property_name":"#exp_require"
						},
						{
							"binding_type":"global",
							"binding_name":"#exp_progress",
							"binding_condition":"always"
						},
						{
							"binding_type":"view",
							"source_property_name":"((#exp_require * 100 + 10) * (1 - #exp_progress))",
							"target_property_name":"#epc"
						},
						{
							"binding_type":"view",
							"source_property_name":"(10000000 * ((#epc > 19999999) + (#epc > 9999999)))",
							"target_property_name":"#cep1"
						},
						{
							"binding_type":"view",
							"source_property_name":"(#epc - #cep1)",
							"target_property_name":"#cep_1"
						},
						{
							"binding_type":"view",
							"source_property_name":"(1000000 * ((#cep_1 > 1999999) + (#cep_1 > 2999999) + (#cep_1 > 3999999) + (#cep_1 > 4999999) + (#cep_1 > 5999999) + (#cep_1 > 6999999) + (#cep_1 > 7999999) + (#cep_1 > 8999999) + (#cep_1 > 999999)))",
							"target_property_name":"#cep2"
						},
						{
							"binding_type":"view",
							"source_property_name":"(#cep_1 - #cep2)",
							"target_property_name":"#cep_2"
						},
						{
							"binding_type":"view",
							"source_property_name":"(100000 * ((#cep_2 > 199999) + (#cep_2 > 299999) + (#cep_2 > 399999) + (#cep_2 > 499999) + (#cep_2 > 599999) + (#cep_2 > 699999) + (#cep_2 > 799999) + (#cep_2 > 899999) + (#cep_2 > 99999)))",
							"target_property_name":"#cep3"
						},
						{
							"binding_type":"view",
							"source_property_name":"(#cep_2 - #cep3)",
							"target_property_name":"#cep_3"
						},
						{
							"binding_type":"view",
							"source_property_name":"(10000 * ((#cep_3 > 19999) + (#cep_3 > 29999) + (#cep_3 > 39999) + (#cep_3 > 49999) + (#cep_3 > 59999) + (#cep_3 > 69999) + (#cep_3 > 79999) + (#cep_3 > 89999) + (#cep_3 > 9999)))",
							"target_property_name":"#cep4"
						},
						{
							"binding_type":"view",
							"source_property_name":"(#cep_3 - #cep4)",
							"target_property_name":"#cep_4"
						},
						{
							"binding_type":"view",
							"source_property_name":"(1000 * ((#cep_4 > 1999) + (#cep_4 > 2999) + (#cep_4 > 3999) + (#cep_4 > 4999) + (#cep_4 > 5999) + (#cep_4 > 6999) + (#cep_4 > 7999) + (#cep_4 > 8999) + (#cep_4 > 999)))",
							"target_property_name":"#cep5"
						},
						{
							"binding_type":"view",
							"source_property_name":"(#cep_4 - #cep5)",
							"target_property_name":"#cep_5"
						},
						{
							"binding_type":"view",
							"source_property_name":"(100 * ((#cep_5 > 199) + (#cep_5 > 299) + (#cep_5 > 399) + (#cep_5 > 499) + (#cep_5 > 599) + (#cep_5 > 699) + (#cep_5 > 799) + (#cep_5 > 899) + (#cep_5 > 99)))",
							"target_property_name":"#cep6"
						},
						{
							"binding_type":"view",
							"source_property_name":"((#cep1 + #cep2 + #cep3 + #cep4 + #cep5 + #cep6) / 100)",
							"target_property_name":"#current_point"
						}
					]
				}
			}
		]
	},
	"main_part":{
		"type":"panel",
		"bindings":[
			{
				"binding_name":"#hud_visible",
				"binding_type":"global",
				"binding_name_override":"#visible"
			},
			{
				"binding_name":"#hud_alpha",
				"binding_name_override":"#alpha",
				"binding_type":"global"
			},
			{
				"binding_name":"#hud_propagate_alpha",
				"binding_name_override":"#propagateAlpha",
				"binding_type":"global"
			}
		],
		"controls":[
			{
				"player_list@hud_new.player_list_panel":{
					"visible":"$player_list"
				}
			},
			{
				"mainhand_viewer@hud_new.mainhand_viewer_panel":{
					"$gd_i_tmp":"hud_new.mainhand_viewer",
					"offset":"$mainhand_viewer_offset",
					"visible":"$mainhand_viewer"
				}
			},
			{
				"id_viewer@hud_new.mainhand_viewer_panel":{
					"$gd_i_tmp":"hud_new.id_viewer",
					"offset":"$id_viewer_offset",
					"visible":"$id_viewer"
				}
			},
			{
				"stack_compass@hud_new.stack_the_compass":{
					"visible":"$stack_the_compass"
				}
			},
			{
				"empty_inventory_slot_count@hud_new.inventory_count":{
					"visible":"$inventory_count"
				}
			},
			{
				"selected_item_idx@cl_binding.selected_item_idx":{
					
				}
			},
			{
				"main_toggle":{
					"type":"panel",
					"controls":[
						{
							"inventory_overlay_panel@common.empty_panel":{
								"visible":"$inventory_overlay",
								"ignored":"$is_pocket_ui",
								"anchor_from":"$af",
								"anchor_to":"$at",
								"$af|default":"top_middle",
								"$at|default":"top_middle",
								"offset":"$offset_toggle",
								"size":[
									18,
									18
								],
								"variables":[
									{
										"requires":"(not $is_tyel_settings_overlay)",
										"$offset_toggle":[
											-38,
											1
										]
									},
									{
										"requires":"$is_tyel_settings_overlay",
										"$af":"top_middle",
										"$at":"top_middle",
										"$offset_toggle":[
											-80,
											1
										]
									}
								],
								"bindings":[
									{
										"binding_name":"#inventory_touch_button",
										"binding_name_override":"#visible",
										"binding_type":"global"
									}
								],
								"controls":[
									{
										"inventory_overlay_mobile_toggle@hud_new.inventory_overlay_toggle":{
											"$toggle_default_state":"$inventory_overlay_toggle"
										}
									}
								]
							}
						},
						{
							"player_list_pc_toggle@hud_new.pc_toggle":{
								"visible":"$player_list"
							}
						},
						{
							"player_list_panel@common.empty_panel":{
								"visible":"$player_list",
								"ignored":"$is_pocket_ui",
								"anchor_from":"$af",
								"anchor_to":"$at",
								"$af|default":"top_middle",
								"$at|default":"top_middle",
								"offset":"$offset_toggle",
								"size":[
									18,
									18
								],
								"variables":[
									{
										"requires":"(not $is_tyel_settings_overlay)",
										"$offset_toggle":[
											38,
											1
										]
									},
									{
										"requires":"$is_tyel_settings_overlay",
										"$af":"top_middle",
										"$at":"top_middle",
										"$offset_toggle":[
											-99,
											1
										]
									}
								],
								"bindings":[
									{
										"binding_name":"#inventory_touch_button",
										"binding_name_override":"#visible",
										"binding_type":"global"
									}
								],
								"controls":[
									{
										"player_list_mobile_toggle@hud_new.player_list_toggle":{
											"$toggle_default_state":"$player_list_toggle"
										}
									}
								]
							}
						}
					]
				}
			}
		]
	},
	"pc_toggle":{
		"type":"toggle",
		"always_listen_to_input":true,
		"toggle_default_state":"$toggle_default_state",
		"size":[
			0,
			0
		],
		"button_mappings":[
			{
				"from_button_id":"button.scoreboard",
				"to_button_id":"button.menu_select",
				"mapping_type":"global"
			}
		],
		"bindings":[
			{
				"binding_name":"#inventory_touch_button",
				"binding_type":"global"
			},
			{
				"binding_type":"view",
				"source_property_name":"((not #inventory_touch_button) and #toggle_state)",
				"target_property_name":"#ts"
			}
		]
	},
	"gui_toggle":{
		"type":"toggle",
		"prevent_touch_input":true,
		"toggle_default_state":"$toggle_default_state",
		"unchecked_control":"default",
		"unchecked_hover_control":"default",
		"checked_control":"default",
		"checked_hover_control":"default",
		"$icon_button|default":"",
		"sound_name":"random.click",
		"propagate_alpha":true,
		"sound_volume":1.0,
		"sound_pitch":1.0,
		"size":[
			18,
			18
		],
		"button_mappings":[
			{
				"mapping_type":"pressed",
				"from_button_id":"button.menu_select",
				"to_button_id":"button.menu_select"
			}
		],
		"bindings":[
			{
				"binding_name":"#inventory_touch_button",
				"binding_type":"global"
			},
			{
				"binding_type":"view",
				"source_property_name":"(#inventory_touch_button and #toggle_state)",
				"target_property_name":"#ts"
			}
		],
		"variables":[
			{
				"requires":"$is_tyel_settings_overlay",
				"$alpha_icon_and_button":0
			}
		],
		"controls":[
			{
				"default@common.empty_image":{
					"texture":"textures/ui/gui_button",
					"alpha":"$alpha_icon_and_button",
					"layer":-2
				}
			},
			{
				"icon@common.empty_image":{
					"texture":"$icon_button",
					"alpha":"$alpha_icon_and_button",
					"color":"black",
					"layer":-1,
					"size":[
						"100% - 4px",
						"100% - 4px"
					],
					"offset":[
						0,
						-1
					]
				}
			}
		]
	},
	"player_list_toggle@hud_new.gui_toggle":{
		"$icon_button":"textures/ui/multiplayer_glyph",
		"$alpha_icon_and_button":1
	},
	"inventory_overlay_toggle@hud_new.gui_toggle":{
		"$icon_button":"textures/ui/settings_glyph_2x",
		"$alpha_icon_and_button":1
	},
	"player_list_panel":{
		"type":"stack_panel",
		"orientation":"vertical",
		"anchor_from":"top_middle",
		"anchor_to":"top_middle",
		"size":[
			"100% - 200px",
			"100%c"
		],
		"offset":[
			0,
			20
		],
		"controls":[
			{
				"player_count_panel@hud_new.player_count_panel":{
					"anchor_from":"top_left",
					"anchor_to":"top_left",
					"layer":35
				}
			},
			{
				"grid":{
					"type":"grid",
					"collection_name":"players_collection",
					"grid_dimension_binding":"#players_grid_dimension",
					"grid_item_template":"hud_new.player_list_items",
					"anchor_from":"top_left",
					"anchor_to":"top_left",
					"layer":35,
					"size":[
						"25%",
						"100%c"
					],
					"bindings":[
						{
							"binding_condition":"always",
							"binding_name":"#players_grid_dimension"
						}
					]
				}
			}
		],
		"bindings":[
			{
				"binding_type":"view",
				"source_control_name":"player_list_pc_toggle",
				"source_property_name":"#ts",
				"target_property_name":"#pc_toggle"
			},
			{
				"binding_type":"view",
				"source_control_name":"player_list_mobile_toggle",
				"source_property_name":"#ts",
				"target_property_name":"#mobile_toggle"
			},
			{
				"binding_type":"view",
				"source_property_name":"(#pc_toggle or #mobile_toggle)",
				"target_property_name":"#visible"
			}
		]
	},
	"player_list_items":{
		"type":"panel",
		"anchor_from":"top_middle",
		"anchor_to":"top_middle",
		"layer":35,
		"size":[
			"25%",
			14
		],
		"controls":[
			{
				"background@common.empty_image":{
					"texture":"textures/ui/Black",
					"anchor_from":"top_left",
					"anchor_to":"top_left",
					"alpha":0.4,
					"layer":34,
					"size":[
						"400%",
						"100%"
					]
				}
			},
			{
				"background2@common.empty_image":{
					"texture":"textures/ui/Black",
					"anchor_from":"top_left",
					"anchor_to":"top_left",
					"alpha":0.2,
					"layer":35,
					"size":[
						"400% - 1.5px",
						"100% - 0.75px"
					],
					"offset":[
						"0.75px",
						0
					]
				}
			},
			{
				"player_avatar@common.empty_image":{
					"texture_file_system":"#texture_source",
					"anchor_from":"left_middle",
					"anchor_to":"left_middle",
					"texture":"#texture",
					"layer":36,
					"size":[
						12,
						"100% - 2px"
					],
					"offset":[
						1,
						0
					],
					"bindings":[
						{
							"binding_collection_name":"players_collection",
							"binding_name":"#texture",
							"binding_type":"collection"
						},
						{
							"binding_collection_name":"players_collection",
							"binding_name":"#texture_source",
							"binding_name_override":"#texture_file_system",
							"binding_type":"collection"
						}
					]
				}
			},
			{
				"player_game_tag":{
					"type":"label",
					"text":"#gamertag",
					"anchor_from":"left_middle",
					"anchor_to":"left_middle",
					"layer":36,
					"size":[
						"400% - 10px",
						"default"
					],
					"max_size":[
						"400% - 14px",
						14
					],
					"offset":[
						14,
						0
					],
					"bindings":[
						{
							"binding_collection_name":"players_collection",
							"binding_name":"#gamertag",
							"binding_type":"collection"
						}
					]
				}
			}
		]
	},
	"player_count_panel@common.empty_image":{
		"texture":"textures/ui/Black",
		"clips_children":true,
		"alpha":0.4,
		"layer":35,
		"size":[
			"100%",
			14
		],
		"controls":[
			{
				"background2@common.empty_image":{
					"texture":"textures/ui/Black",
					"anchor_from":"center",
					"anchor_to":"center",
					"alpha":0.2,
					"layer":34,
					"size":[
						"100% - 1.5px",
						"100% - 1.5px"
					]
				}
			},
			{
				"count_grid":{
					"type":"grid",
					"grid_dimension_binding":"#players_grid_dimension",
					"grid_item_template":"hud_new.player_count_items",
					"collection_name":"players_collection",
					"anchor_from":"bottom_middle",
					"anchor_to":"bottom_middle",
					"size":[
						"100%",
						"default"
					],
					"bindings":[
						{
							"binding_condition":"always",
							"binding_name":"#players_grid_dimension"
						}
					]
				}
			}
		]
	},
	"player_count_items":{
		"type":"panel",
		"layer":36,
		"size":[
			"100%",
			14
		],
		"controls":[
			{
				"not_player_count":{
					"type":"label",
					"text":"#text",
					"anchor_from":"right_middle",
					"anchor_to":"right_middle",
					"max_size":[
						100,
						14
					],
					"offset":[
						-4,
						0
					],
					"bindings":[
						{
							"binding_type":"view",
							"source_property_name":"(#collection_index = 0)",
							"target_property_name":"#visible"
						},
						{
							"binding_type":"collection",
							"binding_collection_name":"players_collection",
							"binding_name":"#collection_index"
						},
						{
							"binding_type":"collection_details",
							"binding_collection_name":"players_collection"
						},
						{
							"binding_type":"view",
							"source_property_name":"('%store.offerDescription.players ' + (#collection_index + 1))",
							"target_property_name":"#text"
						}
					]
				}
			},
			{
				"player_count":{
					"type":"label",
					"text":"#text",
					"anchor_from":"right_middle",
					"anchor_to":"right_middle",
					"max_size":[
						100,
						14
					],
					"offset":[
						-4,
						0
					],
					"bindings":[
						{
							"binding_type":"view",
							"source_property_name":"(not (#collection_index = 0))",
							"target_property_name":"#visible"
						},
						{
							"binding_type":"collection",
							"binding_collection_name":"players_collection",
							"binding_name":"#collection_index"
						},
						{
							"binding_type":"collection_details",
							"binding_collection_name":"players_collection"
						},
						{
							"binding_type":"view",
							"source_property_name":"('%store.offerDescription.players ' + (#collection_index + 1))",
							"target_property_name":"#text"
						}
					]
				}
			},
			{
				"world_name":{
					"type":"label",
					"text":"#player_list_title",
					"anchor_from":"left_middle",
					"anchor_to":"left_middle",
					"max_size":[
						100,
						14
					],
					"offset":[
						4,
						0
					],
					"bindings":[
						{
							"binding_name":"#player_list_title"
						}
					]
				}
			}
		]
	},
	"inventory_overlay@common.empty_panel":{
		"clips_children":true,
		"layer":1,
		"size":[
			144,
			49
		],
		"$source_ct_name_pc|default":"player_list_pc_toggle",
		"$source_ct_name_mb|default":"inventory_overlay_mobile_toggle",
		"controls":[
			{
				"grid":{
					"type":"grid",
					"collection_name":"hotbar_items",
					"grid_item_template":"hud_new.inventory_overlay_items",
					"anchor_from":"bottom_middle",
					"anchor_to":"bottom_middle",
					"grid_dimensions":[
						9,
						4
					],
					"offset":[
						0,
						-1
					],
					"size":[
						"144px",
						"50px + 15px"
					]
				}
			}
		],
		"bindings":[
			{
				"binding_type":"view",
				"source_control_name":"$source_ct_name_pc",
				"source_property_name":"#ts",
				"target_property_name":"#pc_toggle"
			},
			{
				"binding_type":"view",
				"source_control_name":"$source_ct_name_mb",
				"source_property_name":"#ts",
				"target_property_name":"#mobile_toggle"
			},
			{
				"binding_type":"view",
				"source_property_name":"(#pc_toggle or #mobile_toggle)",
				"target_property_name":"#visible"
			},
			{
				"binding_name":"#keyboard_helper_visible",
				"binding_type":"global"
			}
		]
	},
	"inventory_overlay_items@common.empty_panel":{
		"$durability_bar_required":true,
		"$item_collection_name":"hotbar_items",
		"$stack_count_required":true,
		"size":[
			16,
			16
		],
		"controls":[
			{
				"stack_count_label@common.stack_count_label":{
					"font_scale_factor":0.7,
					"layer":3
				}
			},
			{
				"items_renderer@common.item_renderer":{
					"layer":2,
					"size":[
						"100% - 2px",
						"100% - 2px"
					]
				}
			},
			{
				"durability@common.durability_bar":{
					"layer":3
				}
			},
			{
				"textures@common.empty_image":{
					"alpha":"$inventory_overlay_alpha_hotbar",
					"texture":"$inventory_overlay_texture_hotbar",
					"size":[
						"100% -1px",
						"100% -1px"
					]
				}
			}
		]
	},
	"inventory_count@common.empty_image":{
		"texture":"$empty_slot_texture_bg",
		"alpha":"$empty_slot_alpha_bg",
		"anchor_from":"$empty_slot_anchor",
		"anchor_to":"$empty_slot_anchor",
		"offset":"$empty_slot_overlay_offset",
		"layer":1,
		"size":[
			"100%c + 4px",
			18
		],
		"controls":[
			{
				"icons@common.empty_image":{
					"texture":"textures/ui/inventory_icon",
					"anchor_from":"left_middle",
					"anchor_to":"left_middle",
					"fill":true,
					"layer":2,
					"offset":[
						0,
						-0.9
					],
					"size":[
						17,
						16
					]
				}
			},
			{
				"label":{
					"type":"label",
					"text":"#count_viewer",
					"anchor_from":"left_middle",
					"anchor_to":"left_middle",
					"layer":2,
					"offset":[
						18,
						0
					],
					"bindings":[
						{
							"binding_type":"view",
							"source_control_name":"selected_item_idx",
							"source_property_name":"#slot_inventory",
							"target_property_name":"#the_slot_inventory"
						},
						{
							"binding_type":"view",
							"source_property_name":"('§r' + #the_slot_inventory + '/36')",
							"target_property_name":"#count_viewer"
						}
					]
				}
			}
		]
	},
	"mainhand_viewer_panel":{
		"type":"stack_panel",
		"visible":"$mainhand_viewer",
		"$gd_i_tmp|default":"",
		"anchor_from":"bottom_right",
		"anchor_to":"bottom_right",
		"size":[
			"100%c",
			18
		],
		"controls":[
			{
				"grid@hud.hotbar_grid":{
					"grid_item_template":"$gd_i_tmp",
					"size":[
						0,
						0
					]
				}
			}
		]
	},
	"mainhand_viewer":{
		"type":"panel",
		"anchor_from":"right_middle",
		"anchor_to":"right_middle",
		"size":[
			0,
			18
		],
		"bindings":[
			{
				"binding_name":"#slot_selected",
				"binding_name_override":"#visible",
				"binding_type":"collection",
				"binding_collection_name":"$hotbar_collection_name"
			}
		],
		"controls":[
			{
				"stack":{
					"type":"stack_panel",
					"orientation":"horizontal",
					"anchor_from":"right_middle",
					"anchor_to":"right_middle",
					"size":[
						"100%c",
						18
					],
					"bindings":[
						{
							"binding_name":"#item_id_aux",
							"binding_type":"collection",
							"binding_collection_name":"$hotbar_collection_name"
						},
						{
							"binding_type":"view",
							"source_property_name":"((#item_id_aux > 65536) or (#item_id_aux < -65536))",
							"target_property_name":"#visible"
						}
					],
					"controls":[
						{
							"background_count1x@common.empty_image":{
								"texture":"$mainhand_viewer_texture",
								"alpha":"$mainhand_viewer_alpha",
								"anchor_from":"right_middle",
								"anchor_to":"right_middle",
								"layer":1,
								"size":[
									"100%c + 8px",
									18
								],
								"bindings":[
									{
										"binding_name":"#item_durability_total_amount",
										"binding_type":"collection",
										"binding_collection_name":"$hotbar_collection_name"
									},
									{
										"binding_type":"view",
										"source_property_name":"(#item_durability_total_amount > 0)",
										"target_property_name":"#visible"
									}
								],
								"controls":[
									{
										"items_count@hud_new.item_count":{
											"$source_property":"('§f§rx' + (#selected_item_count - 0))",
											"anchor_from":"center",
											"anchor_to":"center",
											"$offset_durability_and_count":[
												0,
												0
											]
										}
									}
								]
							}
						},
						{
							"empty@common.empty_panel":{
								"size":[
									2,
									0
								]
							}
						},
						{
							"background@common.empty_image":{
								"texture":"$mainhand_viewer_texture",
								"alpha":"$mainhand_viewer_alpha",
								"anchor_from":"right_middle",
								"anchor_to":"right_middle",
								"layer":1,
								"size":[
									"100%c + 8px",
									18
								],
								"$offset_durability_and_count|default":[
									-20,
									0
								],
								"controls":[
									{
										"items_count@hud_new.item_count":{
											"$source_property":"('§f§rx' + (#selected_item_count - 0) + '§o§7 [' + #selected_sic_count + ' slt]')",
											"$source_visible":"((#inventory_stack_count = 0) and (not (#item_durability_total_amount > 0)) and (not (#item_durability_total_amount > 0)))"
										}
									},
									{
										"durability@hud_new.durability_item":{
											
										}
									},
									{
										"item_icon@hud_new.mainhand_item_icon":{
											
										}
									}
								]
							}
						}
					]
				}
			}
		]
	},
	"mainhand_item_icon@common.empty_panel":{
		"$stack_count_required|default":true,
		"$durability_bar_required|default":true,
		"$storage_bar_required|default":true,
		"anchor_from":"right_middle",
		"anchor_to":"right_middle",
		"size":[
			18,
			18
		],
		"offset":[
			-1,
			0
		],
		"controls":[
			{
				"item_icon@hud.hotbar_hud_item_icon":{
					"layer":3,
					"size":[
						"100% - 2px",
						"100% - 2px"
					]
				}
			},
			{
				"item_count@common.stack_count_label":{
					"$item_collection_name":"$hotbar_collection_name",
					"layer":4,
					"bindings":[
						{
							"binding_name":"#inventory_stack_count",
							"binding_type":"collection",
							"binding_collection_name":"$item_collection_name"
						},
						{
							"binding_name":"#stack_count_visible",
							"binding_name_override":"#visible",
							"binding_type":"collection",
							"binding_collection_name":"$item_collection_name"
						}
					]
				}
			},
			{
				"item_durability_bar@hud.item_durability":{
					"layer":5
				}
			}
		]
	},
	"item_count":{
		"type":"label",
		"text":"#text",
		"offset":"$offset_durability_and_count",
		"$source_visible|default":"",
		"$source_property|default":"",
		"anchor_from":"right_middle",
		"anchor_to":"right_middle",
		"layer":2,
		"bindings":[
			{
				"binding_name":"#inventory_stack_count",
				"binding_type":"collection",
				"binding_collection_name":"hotbar_items"
			},
			{
				"binding_name":"#item_durability_total_amount",
				"binding_type":"collection",
				"binding_collection_name":"hotbar_items"
			},
			{
				"binding_type":"view",
				"source_control_name":"selected_item_idx",
				"source_property_name":"#selected_slot_item_count",
				"target_property_name":"#selected_item_count"
			},
			{
				"binding_type":"view",
				"source_control_name":"selected_item_idx",
				"source_property_name":"#selected_sld_idx",
				"target_property_name":"#selected_sic_count"
			},
			{
				"binding_type":"view",
				"source_property_name":"$source_property",
				"target_property_name":"#text"
			},
			{
				"binding_type":"view",
				"source_property_name":"$source_visible",
				"target_property_name":"#visible"
			}
		]
	},
	"\u0064\u0075\u0072\u0061\u0062\u0069\u006c\u0069\u0074\u0079\u005f\u0069\u0074\u0065\u006d":{"\u0074\u0079\u0070\u0065":"\u006c\u0061\u0062\u0065\u006c","\u0074\u0065\u0078\u0074":"\u0023\u0074\u0065\u0078\u0074","\u006f\u0066\u0066\u0073\u0065\u0074":"\u0024\u006f\u0066\u0066\u0073\u0065\u0074\u005f\u0064\u0075\u0072\u0061\u0062\u0069\u006c\u0069\u0074\u0079\u005f\u0061\u006e\u0064\u005f\u0063\u006f\u0075\u006e\u0074","\u0061\u006e\u0063\u0068\u006f\u0072\u005f\u0066\u0072\u006f\u006d":"\u0072\u0069\u0067\u0068\u0074\u005f\u006d\u0069\u0064\u0064\u006c\u0065","\u0061\u006e\u0063\u0068\u006f\u0072\u005f\u0074\u006f":"\u0072\u0069\u0067\u0068\u0074\u005f\u006d\u0069\u0064\u0064\u006c\u0065","\u006c\u0061\u0079\u0065\u0072":2,"\u0070\u0072\u006f\u0070\u0065\u0072\u0074\u0079\u005f\u0062\u0061\u0067":{"\u0066\u006f\u0072\u0063\u0065\u005f\u0075\u0070\u0064\u0061\u0074\u0065":true,"\u0023\u0063\u0075\u0072\u0072\u0065\u006e\u0074\u005f\u0069\u0074\u0065\u006d\u0073":0,"\u0023\u0074\u006f\u0074\u0061\u006c\u005f\u0069\u0074\u0065\u006d\u0073":0},"\u0062\u0069\u006e\u0064\u0069\u006e\u0067\u0073":[{"\u0062\u0069\u006e\u0064\u0069\u006e\u0067\u005f\u0074\u0079\u0070\u0065":"\u0076\u0069\u0065\u0077","\u0073\u006f\u0075\u0072\u0063\u0065\u005f\u0070\u0072\u006f\u0070\u0065\u0072\u0074\u0079\u005f\u006e\u0061\u006d\u0065":"\u0028\u0023\u0069\u0074\u0065\u006d\u005f\u0064\u0075\u0072\u0061\u0062\u0069\u006c\u0069\u0074\u0079\u005f\u0074\u006f\u0074\u0061\u006c\u005f\u0061\u006d\u006f\u0075\u006e\u0074\u0020\u003e\u0020\u0030\u0029","\u0074\u0061\u0072\u0067\u0065\u0074\u005f\u0070\u0072\u006f\u0070\u0065\u0072\u0074\u0079\u005f\u006e\u0061\u006d\u0065":"\u0023\u0076\u0069\u0073\u0069\u0062\u006c\u0065"},{"\u0062\u0069\u006e\u0064\u0069\u006e\u0067\u005f\u006e\u0061\u006d\u0065":"\u0023\u0069\u0074\u0065\u006d\u005f\u0064\u0075\u0072\u0061\u0062\u0069\u006c\u0069\u0074\u0079\u005f\u0074\u006f\u0074\u0061\u006c\u005f\u0061\u006d\u006f\u0075\u006e\u0074","\u0062\u0069\u006e\u0064\u0069\u006e\u0067\u005f\u0074\u0079\u0070\u0065":"\u0063\u006f\u006c\u006c\u0065\u0063\u0074\u0069\u006f\u006e","\u0062\u0069\u006e\u0064\u0069\u006e\u0067\u005f\u0063\u006f\u006c\u006c\u0065\u0063\u0074\u0069\u006f\u006e\u005f\u006e\u0061\u006d\u0065":"\u0024\u0068\u006f\u0074\u0062\u0061\u0072\u005f\u0063\u006f\u006c\u006c\u0065\u0063\u0074\u0069\u006f\u006e\u005f\u006e\u0061\u006d\u0065"},{"\u0062\u0069\u006e\u0064\u0069\u006e\u0067\u005f\u006e\u0061\u006d\u0065":"\u0023\u0069\u0074\u0065\u006d\u005f\u0064\u0075\u0072\u0061\u0062\u0069\u006c\u0069\u0074\u0079\u005f\u0063\u0075\u0072\u0072\u0065\u006e\u0074\u005f\u0061\u006d\u006f\u0075\u006e\u0074","\u0062\u0069\u006e\u0064\u0069\u006e\u0067\u005f\u0074\u0079\u0070\u0065":"\u0063\u006f\u006c\u006c\u0065\u0063\u0074\u0069\u006f\u006e","\u0062\u0069\u006e\u0064\u0069\u006e\u0067\u005f\u0063\u006f\u006c\u006c\u0065\u0063\u0074\u0069\u006f\u006e\u005f\u006e\u0061\u006d\u0065":"\u0024\u0068\u006f\u0074\u0062\u0061\u0072\u005f\u0063\u006f\u006c\u006c\u0065\u0063\u0074\u0069\u006f\u006e\u005f\u006e\u0061\u006d\u0065"},{"\u0062\u0069\u006e\u0064\u0069\u006e\u0067\u005f\u0074\u0079\u0070\u0065":"\u0076\u0069\u0065\u0077","\u0073\u006f\u0075\u0072\u0063\u0065\u005f\u0070\u0072\u006f\u0070\u0065\u0072\u0074\u0079\u005f\u006e\u0061\u006d\u0065":"\u0028\u0028\u0023\u0074\u006f\u0074\u0061\u006c\u005f\u0069\u0074\u0065\u006d\u0073\u0020\u003c\u0020\u0023\u0069\u0074\u0065\u006d\u005f\u0064\u0075\u0072\u0061\u0062\u0069\u006c\u0069\u0074\u0079\u005f\u0074\u006f\u0074\u0061\u006c\u005f\u0061\u006d\u006f\u0075\u006e\u0074\u0029\u0020\u002d\u0020\u0028\u0023\u0074\u006f\u0074\u0061\u006c\u005f\u0069\u0074\u0065\u006d\u0073\u0020\u003e\u0020\u0023\u0069\u0074\u0065\u006d\u005f\u0064\u0075\u0072\u0061\u0062\u0069\u006c\u0069\u0074\u0079\u005f\u0074\u006f\u0074\u0061\u006c\u005f\u0061\u006d\u006f\u0075\u006e\u0074\u0029\u0020\u002b\u0020\u0023\u0074\u006f\u0074\u0061\u006c\u005f\u0069\u0074\u0065\u006d\u0073\u0029","\u0074\u0061\u0072\u0067\u0065\u0074\u005f\u0070\u0072\u006f\u0070\u0065\u0072\u0074\u0079\u005f\u006e\u0061\u006d\u0065":"\u0023\u0074\u006f\u0074\u0061\u006c\u005f\u0069\u0074\u0065\u006d\u0073"},{"\u0062\u0069\u006e\u0064\u0069\u006e\u0067\u005f\u0074\u0079\u0070\u0065":"\u0076\u0069\u0065\u0077","\u0073\u006f\u0075\u0072\u0063\u0065\u005f\u0070\u0072\u006f\u0070\u0065\u0072\u0074\u0079\u005f\u006e\u0061\u006d\u0065":"\u0028\u0028\u0023\u0063\u0075\u0072\u0072\u0065\u006e\u0074\u005f\u0069\u0074\u0065\u006d\u0073\u0020\u003c\u0020\u0023\u0069\u0074\u0065\u006d\u005f\u0064\u0075\u0072\u0061\u0062\u0069\u006c\u0069\u0074\u0079\u005f\u0063\u0075\u0072\u0072\u0065\u006e\u0074\u005f\u0061\u006d\u006f\u0075\u006e\u0074\u0029\u0020\u002d\u0020\u0028\u0023\u0063\u0075\u0072\u0072\u0065\u006e\u0074\u005f\u0069\u0074\u0065\u006d\u0073\u0020\u003e\u0020\u0023\u0069\u0074\u0065\u006d\u005f\u0064\u0075\u0072\u0061\u0062\u0069\u006c\u0069\u0074\u0079\u005f\u0063\u0075\u0072\u0072\u0065\u006e\u0074\u005f\u0061\u006d\u006f\u0075\u006e\u0074\u0029\u0020\u002b\u0020\u0023\u0063\u0075\u0072\u0072\u0065\u006e\u0074\u005f\u0069\u0074\u0065\u006d\u0073\u0029","\u0074\u0061\u0072\u0067\u0065\u0074\u005f\u0070\u0072\u006f\u0070\u0065\u0072\u0074\u0079\u005f\u006e\u0061\u006d\u0065":"\u0023\u0063\u0075\u0072\u0072\u0065\u006e\u0074\u005f\u0069\u0074\u0065\u006d\u0073"},{"\u0062\u0069\u006e\u0064\u0069\u006e\u0067\u005f\u0074\u0079\u0070\u0065":"\u0076\u0069\u0065\u0077","\u0073\u006f\u0075\u0072\u0063\u0065\u005f\u0070\u0072\u006f\u0070\u0065\u0072\u0074\u0079\u005f\u006e\u0061\u006d\u0065":"\u0028\u0027\u00a7\u0066\u00a7\u0072\u0027\u0020\u002b\u0020\u0023\u0063\u0075\u0072\u0072\u0065\u006e\u0074\u005f\u0069\u0074\u0065\u006d\u0073\u0020\u002b\u0020\u0027\u002f\u0027\u0020\u002b\u0020\u0023\u0074\u006f\u0074\u0061\u006c\u005f\u0069\u0074\u0065\u006d\u0073\u0029","\u0074\u0061\u0072\u0067\u0065\u0074\u005f\u0070\u0072\u006f\u0070\u0065\u0072\u0074\u0079\u005f\u006e\u0061\u006d\u0065":"\u0023\u0074\u0065\u0078\u0074"}]},
	"id_viewer":{
		"type":"panel",
		"anchor_from":"right_middle",
		"anchor_to":"right_middle",
		"size":[
			0,
			18
		],
		"bindings":[
			{
				"binding_name":"#slot_selected",
				"binding_name_override":"#visible",
				"binding_type":"collection",
				"binding_collection_name":"$hotbar_collection_name"
			}
		],
		"controls":[
			{
				"background@common.empty_image":{
					"texture":"$id_viewer_texture",
					"alpha":"$id_viewer_alpha",
					"anchor_from":"right_middle",
					"anchor_to":"right_middle",
					"layer":1,
					"size":[
						"100%c + 8px",
						18
					],
					"bindings":[
						{
							"binding_name":"#item_id_aux",
							"binding_type":"collection",
							"binding_collection_name":"$hotbar_collection_name"
						},
						{
							"binding_type":"view",
							"source_property_name":"((#item_id_aux > 65536) or (#item_id_aux < -65536))",
							"target_property_name":"#visible"
						}
					],
					"controls":[
						{
							"id_item@hud_new.item_id":{
								
							}
						}
					]
				}
			}
		]
	},
	"item_id":{
		"type":"label",
		"text":"#text",
		"anchor_from":"right_middle",
		"anchor_to":"right_middle",
		"layer":2,
		"offset":[
			-2,
			0
		],
		"bindings":[
			{
				"binding_type":"view",
				"source_property_name":"(not (#item_id_aux = -1))",
				"target_property_name":"#visible"
			},
			{
				"binding_name":"#item_id_aux",
				"binding_type":"collection",
				"binding_collection_name":"$hotbar_collection_name"
			},
			{
				"binding_type":"view",
				"source_property_name":"('§f§rID: ' + (#item_id_aux / 65536) + ' : ' + (#item_id_aux - ((#item_id_aux / 65536) * 65536)))",
				"target_property_name":"#text"
			}
		]
	},
	"stack_the_compass":{
		"type":"stack_panel",
		"anchor_from":"$compass_viewer_anchor",
		"anchor_to":"$compass_viewer_anchor",
		"offset":"$compass_viewer_offset",
		"orientation":"horizontal",
		"layer":1,
		"size":[
			"100%c",
			20
		],
		"controls":[
			{
				"clock@common.empty_image":{
					"texture":"$compass_viewer_texture_cell",
					"alpha":"$compass_viewer_alpha",
					"size":[
						20,
						20
					],
					"controls":[
						{
							"renderer":{
								"type":"custom",
								"renderer":"inventory_item_renderer",
								"property_bag":{
									"#item_id_aux":22740992
								},
								"size":[
									"100% - 2px",
									"100% - 2px"
								]
							}
						}
					]
				}
			},
			{
				"padding@common.empty_panel":{
					"size":[
						2,
						0
					]
				}
			},
			{
				"recovery_compass@hud_new.rcompass_slot":{
					"$idx_source":"((#item_id_aux / 65536) = $id_aux_recovery_compass)"
				}
			},
			{
				"compass@common.empty_image":{
					"texture":"$compass_viewer_texture_cell",
					"alpha":"$compass_viewer_alpha",
					"size":[
						20,
						20
					],
					"controls":[
						{
							"renderer":{
								"type":"custom",
								"renderer":"inventory_item_renderer",
								"property_bag":{
									"#item_id_aux":22609920
								},
								"size":[
									"100% - 2px",
									"100% - 2px"
								]
							}
						}
					]
				}
			}
		]
	},
	"rcompass_slot":{
		"type":"stack_panel",
		"clips_children":true,
		"size":[
			"100%c",
			20
		],
		"controls":[
			{
				"rcompass_slot_item_idx@cl_binding.slot_slected_rc":{
					"$size_slot_item":[
						"100%c",
						"100%c"
					],
					"size":[
						"100%c",
						20
					],
					"max_size":[
						22,
						0
					],
					"$controls_item":[
						{
							"rcompass_slots@common.empty_panel":{
								"size":[
									20,
									20
								],
								"controls":[
									{
										"bg@common.empty_image":{
											"texture":"$compass_viewer_texture_cell",
											"alpha":"$compass_viewer_alpha",
											"size":[
												20,
												20
											]
										}
									},
									{
										"item_icon":{
											"type":"custom",
											"renderer":"inventory_item_renderer",
											"property_bag":{
												"#item_id_aux":"($id_aux_recovery_compass  * 65536 + 0)"
											},
											"size":[
												18,
												18
											]
										}
									}
								],
								"bindings":[
									{
										"binding_name":"#item_id_aux",
										"binding_type":"collection",
										"binding_collection_name":"hotbar_items"
									},
									{
										"binding_type":"view",
										"source_property_name":"$idx_source",
										"target_property_name":"#visible"
									}
								]
							}
						},
						{
							"padding@common.empty_panel":{
								"size":[
									2,
									0
								],
								"bindings":[
									{
										"binding_name":"#item_id_aux",
										"binding_type":"collection",
										"binding_collection_name":"hotbar_items"
									},
									{
										"binding_type":"view",
										"source_property_name":"$idx_source",
										"target_property_name":"#visible"
									}
								]
							}
						}
					]
				}
			}
		]
	},
	"borderless_button@common.button":{
		"controls":[
			{
				"default@hud.default_borderless_button_layout":{
					
				}
			},
			{
				"hover@hud.hover_borderless_button_layout":{
					
				}
			},
			{
				"pressed@hud.pressed_borderless_button_layout":{
					
				}
			},
			{
				"hide_icons":{
					"type":"panel",
					"controls":[
						{
							"text":{
								"type":"label",
								"text":"H"
							}
						},
						{
							"panel":{
								"type":"panel",
								"propagate_alpha":true,
								"disable_anim_fast_forward":false,
								"animation_reset_name":"button.hide_gui_all"
							}
						}
					]
				}
			}
		]
	},
	"hide_hud_button@borderless_button":{
		"$pressed_button_name":"button.hotbar_inventory_button",
		"default_focus_precedence":10,
		"prevent_touch_input":true,
		"anchor_from":"center",
		"anchor_to":"center",
		"layer":3,
		"size":[
			16,
			16
		],
		"button_mappings":[
			{
				"from_button_id":"button.menu_select",
				"to_button_id":"button.hide_gui_all",
				"mapping_type":"pressed"
			}
		],
		"bindings":[
			{
				"binding_name":"#hud_visible",
				"binding_type":"global",
				"binding_name_override":"#visible"
			}
		]
	},
	"hide_hud_panel@common.empty_panel":{
		"ignored":"$always_visible_hotbar",
		"anchor_from":"bottom_middle",
		"anchor_to":"bottom_middle",
		"size":[
			250,
			23.05
		],
		"bindings":[
			{
				"binding_name":"(not #hud_visible)",
				"binding_type":"global",
				"binding_name_override":"#visible"
			}
		],
		"controls":[
			{
				"background_and_text@common.empty_image":{
					"ignored":"(not $touch)",
					"visible":"$hide_hud_tip",
					"texture":"textures/ui/focus_border_white",
					"animation_reset_name":"button.hide_gui_all",
					"alpha":"@hud.anim_item_name_text_alpha_in",
					"disable_anim_fast_forward":true,
					"propagate_alpha":true,
					"size":[
						"100%",
						"100%"
					],
					"controls":[
						{
							"background@common.empty_image":{
								"texture":"textures/ui/hud_tip_text_background",
								"size":[
									"100%c + 4px",
									"100%c + 4px"
								],
								"controls":[
									{
										"text":{
											"type":"label",
											"text":"menu.hide.all.hud.button",
											"font_type":"$global_main_font"
										}
									}
								]
							}
						}
					]
				}
			},
			{
				"button@common.button":{
					"$pressed_button_name":"button.hide_gui_all",
					"sound_volume":0,
					"size":[
						"100%",
						"100%"
					]
				}
			}
		]
	}
}