{
	"namespace":"crafting_new",
	"inventory_item_amount@common.empty_panel":{
		"$collection_name|default":"crafting_input_items",
		"size":[
			0,
			0
		],
		"bindings":[
			{
				"binding_name":"#item_id_aux",
				"binding_type":"collection",
				"binding_collection_name":"$collection_name"
			},
			{
				"binding_name":"#inventory_stack_count",
				"binding_type":"collection",
				"binding_collection_name":"$collection_name"
			},
			{
				"binding_type":"view",
				"source_property_name":"( (not (#inventory_stack_count * 1 > 1) * (not (#item_id_aux = -1) + 0)) + #inventory_stack_count * 1 )",
				"target_property_name":"#real_item_stack_count"
			}
		]
	},
	"crafting_input":{
		"type":"stack_panel",
		"collection_name":"crafting_input_items",
		"size":[
			0,
			0
		],
		"controls":[
			{
				"crafting_input_slot_0@crafting_new.inventory_item_amount":{
					"collection_index":0
				}
			},
			{
				"crafting_input_slot_1@crafting_new.inventory_item_amount":{
					"collection_index":1
				}
			},
			{
				"crafting_input_slot_2@crafting_new.inventory_item_amount":{
					"collection_index":2
				}
			},
			{
				"crafting_input_slot_3@crafting_new.inventory_item_amount":{
					"collection_index":3
				}
			},
			{
				"crafting_input_slot_4@crafting_new.inventory_item_amount":{
					"collection_index":4
				}
			},
			{
				"crafting_input_slot_5@crafting_new.inventory_item_amount":{
					"collection_index":5
				}
			},
			{
				"crafting_input_slot_6@crafting_new.inventory_item_amount":{
					"collection_index":6
				}
			},
			{
				"crafting_input_slot_7@crafting_new.inventory_item_amount":{
					"collection_index":7
				}
			},
			{
				"crafting_input_slot_8@crafting_new.inventory_item_amount":{
					"collection_index":8
				}
			},
			{
				"slot_min_item_count@crafting_new.inventory_item_amount":{
					"$collection_name":"none",
					"bindings":[
						{
							"binding_type":"view",
							"resolve_sibling_scope":true,
							"source_control_name":"crafting_input_slot_0",
							"source_property_name":"#real_item_stack_count",
							"target_property_name":"#input_0"
						},
						{
							"binding_type":"view",
							"resolve_sibling_scope":true,
							"source_control_name":"crafting_input_slot_1",
							"source_property_name":"#real_item_stack_count",
							"target_property_name":"#input_1"
						},
						{
							"binding_type":"view",
							"resolve_sibling_scope":true,
							"source_control_name":"crafting_input_slot_2",
							"source_property_name":"#real_item_stack_count",
							"target_property_name":"#input_2"
						},
						{
							"binding_type":"view",
							"resolve_sibling_scope":true,
							"source_control_name":"crafting_input_slot_3",
							"source_property_name":"#real_item_stack_count",
							"target_property_name":"#input_3"
						},
						{
							"binding_type":"view",
							"resolve_sibling_scope":true,
							"source_control_name":"crafting_input_slot_4",
							"source_property_name":"#real_item_stack_count",
							"target_property_name":"#input_4"
						},
						{
							"binding_type":"view",
							"resolve_sibling_scope":true,
							"source_control_name":"crafting_input_slot_5",
							"source_property_name":"#real_item_stack_count",
							"target_property_name":"#input_5"
						},
						{
							"binding_type":"view",
							"resolve_sibling_scope":true,
							"source_control_name":"crafting_input_slot_6",
							"source_property_name":"#real_item_stack_count",
							"target_property_name":"#input_6"
						},
						{
							"binding_type":"view",
							"resolve_sibling_scope":true,
							"source_control_name":"crafting_input_slot_7",
							"source_property_name":"#real_item_stack_count",
							"target_property_name":"#input_7"
						},
						{
							"binding_type":"view",
							"resolve_sibling_scope":true,
							"source_control_name":"crafting_input_slot_8",
							"source_property_name":"#real_item_stack_count",
							"target_property_name":"#input_8"
						},
						{
							"binding_type":"view",
							"source_property_name":"((#input_0 < #input_1 + 1 or #input_1 = 0) * #input_0 + (#input_0 > #input_1 or #input_0 = 0) * #input_1)",
							"target_property_name":"#min_0_1"
						},
						{
							"binding_type":"view",
							"source_property_name":"((#min_0_1 < #input_1 + 1 or #input_1 = 0) * #min_0_1 + (#min_0_1 > #input_1 or #min_0_1 = 0) * #input_1)",
							"target_property_name":"#min_1_2"
						},
						{
							"binding_type":"view",
							"source_property_name":"((#min_1_2 < #input_2 + 1 or #input_2 = 0) * #min_1_2 + (#min_1_2 > #input_2 or #min_1_2 = 0) * #input_2)",
							"target_property_name":"#min_2_3"
						},
						{
							"binding_type":"view",
							"source_property_name":"((#min_2_3 < #input_3 + 1 or #input_3 = 0) * #min_2_3 + (#min_2_3 > #input_3 or #min_2_3 = 0) * #input_3)",
							"target_property_name":"#min_3_4"
						},
						{
							"binding_type":"view",
							"source_property_name":"((#min_3_4 < #input_4 + 1 or #input_4 = 0) * #min_3_4 + (#min_3_4 > #input_4 or #min_3_4 = 0) * #input_4)",
							"target_property_name":"#min_4_5"
						},
						{
							"binding_type":"view",
							"source_property_name":"((#min_4_5 < #input_5 + 1 or #input_5 = 0) * #min_4_5 + (#min_4_5 > #input_5 or #min_4_5 = 0) * #input_5)",
							"target_property_name":"#min_5_6"
						},
						{
							"binding_type":"view",
							"source_property_name":"((#min_5_6 < #input_6 + 1 or #input_6 = 0) * #min_5_6 + (#min_5_6 > #input_6 or #min_5_6 = 0) * #input_6)",
							"target_property_name":"#min_6_7"
						},
						{
							"binding_type":"view",
							"source_property_name":"((#min_6_7 < #input_7 + 1 or #input_7 = 0) * #min_6_7 + (#min_6_7 > #input_7 or #min_6_7 = 0) * #input_7)",
							"target_property_name":"#min_7_8"
						},
						{
							"binding_type":"view",
							"source_property_name":"((#min_7_8 < #input_8 + 1 or #input_8 = 0) * #min_7_8 + (#min_7_8 > #input_8 or #min_7_8 = 0) * #input_8)",
							"target_property_name":"#min_crafting_output"
						}
					]
				}
			}
		]
	},
	"total_item_can_be_crafting":{
		"type":"label",
		"text":"#text",
		"color":"$title_text_color",
		"anchor_from":"right_middle",
		"anchor_to":"right_middle",
		"bindings":[
			{
				"binding_type":"view",
				"source_control_name":"crafting_output_slot_0",
				"source_property_name":"#real_item_stack_count",
				"target_property_name":"#output_count"
			},
			{
				"binding_type":"view",
				"source_control_name":"slot_min_item_count",
				"source_property_name":"#min_crafting_output",
				"target_property_name":"#min_crafting_output"
			},
			{
				"binding_type":"view",
				"source_property_name":"(not (#min_crafting_output * #output_count) = 0)",
				"target_property_name":"#visible"
			},
			{
				"binding_type":"view",
				"source_property_name":"('x' + #min_crafting_output * #output_count)",
				"target_property_name":"#text"
			}
		]
	},
	"temple_button_icon@common_buttons.icon_hover_text_button":{
		"$focus_border_texture":"textures/none",
		"$button_text":"",
		"pressed_control":"pressed",
		"$offset_hover_text":[
			"100% + 2px",
			0
		],
		"$disable_bindings|default":true,
		"$collection_name|default":"none",
		"$disable_glow|default":false,
		"$follows_cursor":true,
		"$onClick|default":"button.menu_select",
		"$onDoubleClick|default":"button.menu_select",
		"$disableDoubleClick|default":true,
		"button_mappings":[
			{
				"mapping_type":"pressed",
				"from_button_id":"button.menu_select",
				"to_button_id":"$onClick"
			},
			{
				"mapping_type":"double_pressed",
				"from_button_id":"button.menu_select",
				"ignored":"$disableDoubleClick",
				"to_button_id":"$onDoubleClick"
			}
		]
	},
	"container_convert_toggle@common_toggles.light_ui_toggle":{
		"$default_border_visible":false,
		"$hover_border_visible":false,
		"$default_texture":"textures/ui/TabRightBack",
		"$hover_texture":"textures/ui/TabRightFront",
		"$locked_texture":"textures/ui/TabRightFront",
		"$pressed_no_hover_texture":"textures/ui/TabRightFront",
		"$pressed_texture":"textures/ui/TabRightBackHover",
		"$icon_control":"crafting.recipe_book_icon",
		"$radio_toggle_group":true,
		"$toggle_group_default_selected":0,
		"$toggle_name":"button_mode",
		"layer":1
	},
	"container_convert_toggle_top@crafting_new.container_convert_toggle":{
		"$default_texture":"textures/ui/TabRightBackTopMost",
		"$hover_texture":"textures/ui/TabRightFrontTopMost",
		"$locked_texture":"textures/ui/TabRightFrontTopMost",
		"$pressed_no_hover_texture":"textures/ui/TabRightFrontTopMost",
		"$pressed_texture":"textures/ui/TabRightBackTopMostHover"
	},
	"container_slot_toggle@common_toggles.light_ui_toggle":{
		"$icon_control":"common.empty_panel",
		"$default_texture":"textures/none",
		"$hover_texture":"textures/none",
		"$locked_texture":"textures/none",
		"$pressed_no_hover_texture":"textures/none",
		"$pressed_texture":"textures/none",
		"$default_border_visible":false,
		"$hover_border_visible":false,
		"layer":1
	},
	"hotbar_slot@pull_inventory.stealer_slot":{
		"$on_click|default":"none",
		"$item_collection_name":"$hotbar_collections"
	},
	"inventory_slot@pull_inventory.stealer_slot":{
		"$on_click|default":"none",
		"$item_collection_name":"$inventory_collections"
	},
	"small_icon@common.empty_image":{
		"texture":"$small_icon",
		"anchor_from":"top_right",
		"anchor_to":"top_right",
		"layer":3,
		"size":[
			10,
			10
		]
	},
	"icon_and_hovertext_tmp@common.empty_panel":{
		"$inventory_collections|default":"inventory_items",
		"$hotbar_collections|default":"hotbar_items",
		"$small_icon|default":"textures/none",
		"$dimension|default":[
			54,
			1
		],
		"button_mappings":[
			{
				"mapping_type":"pressed",
				"from_button_id":"button.menu_select",
				"to_button_id":"$on_click"
			},
			{
				"mapping_type":"double_pressed",
				"from_button_id":"button.menu_select",
				"to_button_id":"$on_double_click"
			}
		],
		"controls":[
			{
				"hotbar_grid":{
					"type":"grid",
					"grid_dimensions":"$dimension",
					"grid_item_template":"crafting_new.hotbar_slot",
					"collection_name":"$hotbar_collections",
					"anchor_from":"top_left",
					"anchor_to":"top_left",
					"size":[
						0,
						0
					]
				}
			},
			{
				"inventory_grid":{
					"type":"grid",
					"grid_dimensions":"$dimension",
					"grid_item_template":"crafting_new.inventory_slot",
					"collection_name":"$inventory_collections",
					"anchor_from":"top_left",
					"anchor_to":"top_left",
					"size":[
						0,
						0
					]
				}
			},
			{
				"chest_renderer":{
					"type":"custom",
					"layer":2,
					"renderer":"inventory_item_renderer",
					"size":"$item_size",
					"property_bag":{
						"#item_id_aux":3538944
					},
					"$item_size":[
						16,
						16
					]
				}
			},
			{
				"small_icon@crafting_new.small_icon":{
					
				}
			},
			{
				"hover_text_vanilla@crafting_new.hover_text_panel_vanilla":{
					"visible":"$hover_text_vanilla"
				}
			},
			{
				"hover_text@crafting_new.hover_text_panel":{
					"visible":"(not $hover_text_vanilla)"
				}
			}
		]
	},
	"hover_text_panel_vanilla@common.empty_panel":{
		"ignored":"((not $toggle_checked_hover) and (not $hover_state))",
		"$hover_text|default":"",
		"allow_clipping":true,
		"layer":200,
		"controls":[
			{
				"hover_text@common.hover_text":{
					"property_bag":{
						"#hover_text":"$hover_texts"
					},
					"layer":200,
					"bindings":[
						{
							"binding_type":"view",
							"source_property_name":"#hover_text",
							"target_property_name":"#hover_text"
						}
					]
				}
			}
		]
	},
	"hover_text_panel":{
		"type":"image",
		"ignored":"((not $toggle_checked_hover) and (not $hover_state))",
		"texture":"textures/ui/purpleBorder",
		"anchor_from":"$hover_text_anchor_from",
		"anchor_to":"$hover_text_anchor_to",
		"$hover_text_anchor_from|default":"right_middle",
		"$hover_text_anchor_to|default":"right_middle",
		"layer":100,
		"size":[
			"100%c + 8px",
			"100%c + 6px"
		],
		"offset":"$hover_text_offset",
		"$hover_text_offset|default":[
			"-100%",
			5
		],
		"controls":[
			{
				"label":{
					"type":"label",
					"text":"$hover_text",
					"layer":101
				}
			}
		]
	},
	"button_stack":{
		"type":"panel",
		"offset":"$offset_button_stack",
		"$offset_button_stack|default":[
			0,
			0
		],
		"controls":[
			{
				"item_mode_convert@crafting_new.container_item_convert_mode":{
					
				}
			},
			{
				"stack_stealer_button@pull_inventory.pull_inventory_panel":{
					
				}
			},
			{
				"stack_button":{
					"type":"stack_panel",
					"orientation":"vertical",
					"prevent_touch_input":true,
					"anchor_from":"$afrom",
					"anchor_to":"$ato",
					"$afrom":"top_right",
					"$ato":"top_right",
					"offset":"$offset",
					"size":[
						30,
						"100%c"
					],
					"$offset":[
						25,
						-1
					],
					"$normal_tab|default":"crafting_new.container_convert_toggle_top",
					"$is_not_inventory|default":true,
					"$is_cartography_screen|default":false,
					"variables":[
						{
							"requires":"$is_cartography_screen",
							"$normal_tab":"crafting_new.container_convert_toggle",
							"$afrom":"right_middle",
							"$ato":"right_middle",
							"$offset":[
								25,
								0
							]
						}
					],
					"controls":[
						{
							"normal_mode@$normal_tab":{
								"$button_type_panel":"crafting_new.icon_and_hovertext_tmp",
								"$hover_text":"menu.container.normal",
								"$hover_texts":"Normal",
								"$small_icon":"textures/none",
								"$toggle_default_state":true,
								"$toggle_group_forced_index":0,
								"$toggle_view_binding_name":"normal",
								"size":[
									"100%",
									25
								]
							}
						},
						{
							"auto_place_mode@container_convert_toggle":{
								"$button_type_panel":"crafting_new.icon_and_hovertext_tmp",
								"$hover_text":"menu.container.quickmove",
								"$hover_texts":"Quick Move",
								"$small_icon":"textures/ui/vertical_switch",
								"$toggle_group_forced_index":1,
								"$toggle_view_binding_name":"quick_move",
								"size":[
									"100%",
									25
								]
							}
						},
						{
							"drop_mode@container_convert_toggle":{
								"$button_type_panel":"crafting_new.icon_and_hovertext_tmp",
								"$hover_text":"menu.container.quickdrop",
								"$hover_texts":"Quick Drop",
								"$small_icon":"textures/ui/chevron_white_down",
								"$toggle_group_forced_index":2,
								"$toggle_view_binding_name":"quick_drop",
								"$on_double_click":"button.drop_all",
								"size":[
									"100%",
									25
								]
							}
						},
						{
							"destroy_mode@container_convert_toggle":{
								"ignored":"$is_not_inventory",
								"$button_type_panel":"crafting_new.icon_and_hovertext_tmp",
								"$hover_text":"menu.container.quickclear",
								"$hover_texts":"Quick Remove",
								"$small_icon":"textures/ui/icon_trash",
								"$toggle_group_forced_index":3,
								"$toggle_view_binding_name":"quick_clear",
								"$on_double_click":"button.container_auto_destroy",
								"size":[
									"100%",
									25
								],
								"bindings":[
									{
										"source_control_name":"item_mode_convert",
										"source_property_name":"(not #toggle_state)",
										"target_property_name":"#visible",
										"binding_type":"view"
									},
									{
										"binding_name":"#is_creative_mode",
										"binding_name_override":"#visible",
										"binding_type":"global"
									}
								]
							}
						}
					]
				}
			}
		]
	},
	"container_item_convert_mode":{
		"type":"toggle",
		"size":[
			"100%cm",
			"100%cm"
		],
		"anchor_from":"bottom_right",
		"anchor_to":"bottom_right",
		"offset":"$offset_item_convert",
		"$offset_item_convert|default":[
			-7,
			-80
		],
		"layer":5,
		"unchecked_control":"disable",
		"unchecked_hover_control":"disable_hover",
		"checked_control":"enable",
		"checked_hover_control":"enable_hover",
		"unchecked_locked_control":"disable_locked",
		"unchecked_locked_hover_control":"disable_hover_locked",
		"checked_locked_control":"disable_locked",
		"checked_locked_hover_control":"disable_hover_locked",
		"toggle_default_state":false,
		"$toggle_view_binding_name":"item_mode_convert",
		"button_mappings":[
			{
				"mapping_type":"pressed",
				"from_button_id":"button.menu_select",
				"to_button_id":"none"
			}
		],
		"bindings":[
			{
				"binding_type":"view",
				"source_control_name":"normal",
				"source_property_name":"(not #toggle_state)",
				"target_property_name":"#enabled"
			}
		],
		"controls":[
			{
				"disable@crafting_new.toggle_text_convert":{
					
				}
			},
			{
				"disable_hover@crafting_new.toggle_text_convert":{
					"$mode_col":"$experience_text_color"
				}
			},
			{
				"disable_locked@crafting_new.toggle_text_convert":{
					
				}
			},
			{
				"disable_hover_locked@crafting_new.toggle_text_convert":{
					"$mode_col":"$experience_text_color"
				}
			},
			{
				"enable@crafting_new.toggle_text_convert":{
					"$text":"menu.container.itemmode1x"
				}
			},
			{
				"enable_hover@crafting_new.toggle_text_convert":{
					"$mode_col":"$experience_text_color",
					"$text":"menu.container.itemmode1x"
				}
			}
		]
	},
	"toggle_text_convert@common.empty_panel":{
		"size":[
			"100%cm",
			"100%cm"
		],
		"$mode_col|default":"$title_text_color",
		"controls":[
			{
				"text":{
					"type":"label",
					"$text|default":"menu.container.itemmodeall",
					"color":"$title_text_color",
					"text":"$text",
					"layer":6
				}
			}
		]
	},
	"auto_place_btn@crafting.inventory_container_slot_button":{
		"$on_click_btn|default":"button.container_auto_place",
		"$src_ctl|default":"quick_move",
		"visible":false,
		"bindings":[
			{
				"binding_type":"view",
				"source_control_name":"$src_ctl",
				"source_property_name":"#toggle_state",
				"target_property_name":"#visible"
			},
			{
				"binding_type":"collection_details",
				"binding_collection_name":"$item_collection_name",
				"binding_condition":"once"
			}
		],
		"button_mappings":[
			{
				"from_button_id":"button.menu_select",
				"to_button_id":"$on_click_btn",
				"mapping_type":"pressed"
			},
			{
				"from_button_id":"button.menu_ok",
				"to_button_id":"$on_click_btn",
				"mapping_type":"pressed"
			}
		]
	},
	"slot_btn@common.empty_panel":{
		"$is_not_inventory|default":true,
		"layer":1,
		"controls":[
			{
				"take_and_place":{
					"type":"panel",
					"bindings":[
						{
							"binding_type":"view",
							"source_control_name":"normal",
							"source_property_name":"(#toggle_state)",
							"target_property_name":"#visible"
						}
					],
					"controls":[
						{
							"item_button_ref@$button_ref":{
								"tts_ignore_count":true,
								"tts_skip_message":true,
								"tts_inherit_siblings":true,
								"layer":5
							}
						}
					]
				}
			},
			{
				"on_all_mode@common.empty_panel":{
					"bindings":[
						{
							"binding_type":"view",
							"source_control_name":"item_mode_convert",
							"source_property_name":"(not #toggle_state)",
							"target_property_name":"#visible"
						}
					],
					"controls":[
						{
							"quick_move@crafting_new.auto_place_btn":{
								
							}
						},
						{
							"quick_drop@crafting_new.auto_place_btn":{
								"$src_ctl":"quick_drop",
								"$on_click_btn":"button.drop_all"
							}
						}
					]
				}
			},
			{
				"on_x1_mode@common.empty_panel":{
					"bindings":[
						{
							"binding_type":"view",
							"source_control_name":"item_mode_convert",
							"source_property_name":"(#toggle_state)",
							"target_property_name":"#visible"
						}
					],
					"controls":[
						{
							"quick_move@crafting_new.auto_place_btn":{
								"$on_click_btn":"button.container_auto_place_one"
							}
						},
						{
							"quick_drop@crafting_new.auto_place_btn":{
								"$src_ctl":"quick_drop",
								"$on_click_btn":"button.drop_one"
							}
						}
					]
				}
			},
			{
				"quick_remove@crafting_new.auto_place_btn":{
					"$src_ctl":"quick_clear",
					"$on_click_btn":"button.container_auto_destroy"
				}
			}
		]
	}
}