{
	"namespace":"pause_new",
	"content_panel@common.empty_panel":{
		"bindings":[
			{
				"binding_type":"view",
				"source_control_name":"quit_the_world",
				"source_property_name":"(not #toggle_state)",
				"target_property_name":"#visible"
			}
		],
		"controls":[
			{
				"world_name_panel_off_playerlist@world_name_panel":{
					
				}
			},
			{
				"world_name_panel_on_playerlist@world_name_panel":{
					"anchor_from":"top_left",
					"anchor_to":"top_left",
					"offset":[
						"5%",
						5
					],
					"bindings":[
						{
							"binding_type":"view",
							"source_control_name":"player_list_toggle",
							"source_property_name":"#toggle_state",
							"target_property_name":"#visible"
						}
					]
				}
			}
		]
	},
	"world_name_panel@common.empty_image":{
		"texture":"textures/ui/hud_tip_text_background",
		"alpha":0.50,
		"size":[
			"100%cm + 10px",
			"100%cm + 5px"
		],
		"max_size":[
			"70%",
			"default"
		],
		"offset":[
			0,
			5
		],
		"layer":2,
		"anchor_from":"top_middle",
		"anchor_to":"top_middle",
		"$binding_world_name|default":"#worldname",
		"bindings":[
			{
				"binding_type":"view",
				"source_control_name":"player_list_toggle",
				"source_property_name":"(not #toggle_state)",
				"target_property_name":"#visible"
			}
		],
		"controls":[
			{
				"label":{
					"type":"label",
					"shadow":true,
					"text":"$binding_world_name",
					"font_scale_factor":1.8,
					"bindings":[
						{
							"binding_name":"$binding_world_name"
						}
					]
				}
			}
		]
	},
	"player_count":{
		"type":"stack_panel",
		"orientation":"vertical",
		"size":[
			"100%",
			10
		],
		"controls":[
			{
				"not_player_count":{
					"type":"label",
					"shadow":false,
					"text":"#text",
					"anchor_to":"left_middle",
					"anchor_from":"left_middle",
					"size":[
						"100%",
						10
					],
					"bindings":[
						{
							"binding_type":"view",
							"source_property_name":"(#collection_index = 0)",
							"target_property_name":"#visible"
						},
						{
							"binding_type":"collection",
							"binding_collection_name":"players_collection",
							"binding_name":"#collection_index"
						},
						{
							"binding_type":"collection_details",
							"binding_collection_name":"players_collection"
						},
						{
							"binding_type":"view",
							"source_property_name":"('%store.offerDescription.players ' + (#collection_index + 1))",
							"target_property_name":"#text"
						}
					]
				}
			},
			{
				"player_count":{
					"type":"label",
					"shadow":false,
					"text":"#text",
					"anchor_to":"left_middle",
					"anchor_from":"left_middle",
					"size":[
						"100%",
						10
					],
					"bindings":[
						{
							"binding_type":"view",
							"source_property_name":"(not (#collection_index = 0))",
							"target_property_name":"#visible"
						},
						{
							"binding_type":"collection",
							"binding_collection_name":"players_collection",
							"binding_name":"#collection_index"
						},
						{
							"binding_type":"collection_details",
							"binding_collection_name":"players_collection"
						},
						{
							"binding_type":"view",
							"source_property_name":"('%store.offerDescription.players ' + (#collection_index + 1))",
							"target_property_name":"#text"
						}
					]
				}
			}
		]
	},
	"player_list_button@quick_settings.quick_settings_button":{
		"$toggle_default_state":"$player_list_in_pause_enable",
		"$hover_text_panel":"crafting_new.hover_text_panel",
		"$hover_text":"menu.player_list",
		"$toggle_view_binding_name":"player_list_toggle",
		"$size_button":[
			24,
			24
		],
		"$hover_text_anchor_from":"top_left",
		"$hover_text_anchor_to":"top_left",
		"$hover_text_offset":[
			5,
			-5
		]
	},
	"quit_toggle@common_toggles.light_ui_toggle":{
		"$default_texture":"textures/ui/button_red",
		"$hover_texture":"textures/ui/button_red_pressed",
		"$pressed_texture":"textures/ui/button_red_pressed",
		"$pressed_no_hover_texture":"textures/ui/button_red_pressed",
		"$default_text_color":"$light_button_hover_text_color",
		"$toggle_view_binding_name":"quit_the_world",
		"$button_type_panel":"start.label_button_custom",
		"$font_type":"default",
		"$button_text":"menu.quit",
		"$toggle_group_forced_index":1,
		"$radio_toggle_group":true,
		"size":[
			"100%",
			28
		]
	},
	"quit_and_save_the_world":{
		"type":"screen",
		"layer":0,
		"size":[
			"100%",
			"100%"
		],
		"focus_enabled":true,
		"bindings":[
			{
				"binding_type":"view",
				"source_control_name":"quit_the_world",
				"source_property_name":"#toggle_state",
				"target_property_name":"#visible"
			}
		],
		"controls":[
			{
				"the_stack_btn@common.horizontal_stack_panel":{
					"size":[
						"100%c",
						28
					],
					"anchor_to":"center",
					"anchor_from":"center",
					"controls":[
						{
							"cancel_the_world@common_toggles.light_ui_toggle":{
								"$button_text":"gui.cancel",
								"$toggle_view_binding_name":"none",
								"$toggle_group_forced_index":2,
								"$radio_toggle_group":true,
								"$button_type_panel":"start.label_button_custom",
								"layer":2,
								"size":[
									130,
									"100%"
								]
							}
						},
						{
							"padding@common.empty_panel":{
								"size":[
									2,
									"100%"
								]
							}
						},
						{
							"save_and_quit_world@common_buttons.green_content_button":{
								"$button_content":"start.label_button_custom",
								"$button_text":"pauseScreen.quit",
								"$pressed_button_name":"button.menu_quit",
								"size":[
									130,
									"100%"
								]
							}
						}
					]
				}
			}
		]
	}
}