{
	"namespace":"play_new",
	"world_count_label":{
		"type":"label",
		"text":"#text",
		"anchor_from":"center",
		"anchor_to":"center",
		"bindings":[
			{
				"binding_type":"collection_details",
				"binding_collection_name":"local_worlds"
			},
			{
				"binding_name":"#collection_index",
				"binding_type":"collection",
				"binding_collection_name":"local_worlds"
			},
			{
				"binding_type":"view",
				"source_property_name":"('§z' + (#collection_index + 1) + ' world(s) found!')",
				"target_property_name":"#text"
			}
		]
	},
	"world_count_label_offset":{
		"type":"label",
		"text":"JUST A TEXT",
		"alpha":0,
		"bindings":[
			{
				"binding_name":"#local_worldfile_size",
				"binding_type":"collection",
				"binding_collection_name":"local_worlds"
			},
			{
				"binding_name":"#local_world_name",
				"binding_type":"collection",
				"binding_collection_name":"local_worlds"
			},
			{
				"binding_type":"view",
				"source_control_name":"local_world_search",
				"source_property_name":"#item_name",
				"target_property_name":"#search_value"
			},
			{
				"binding_type":"view",
				"source_property_name":"((not ((#local_world_name - #search_value) = #local_world_name)) or (#search_value = ''))",
				"target_property_name":"#bool_0"
			},
			{
				"binding_type":"view",
				"source_property_name":"(not (#local_worldfile_size = ''))",
				"target_property_name":"#bool_1"
			},
			{
				"binding_type":"view",
				"source_property_name":"(#bool_0 and #bool_1)",
				"target_property_name":"#visible"
			}
		]
	},
	"local_world_folder_name@play.world_list_text":{
		"ignored":"(not ($win10_edition or $is_android or $is_ios))",
		"text":"#text",
		"color":"$secondary_text_color",
		"localize":false,
		"$image_path_cropped_property|default":"",
		"variables":[
			{
				"requires":"($win10_edition and not $pre_release)",
				"$image_path_cropped_property":"('§r' + (#image_path - ('%.90s' * #image_path)))"
			},
			{
				"requires":"($win10_edition and $pre_release)",
				"$image_path_cropped_property":"('§r' + (#image_path - ('%.98s' * #image_path)))"
			},
			{
				"requires":"$is_android",
				"$image_path_cropped_property":"(('§r' + #image_path) - '/storage/emulated/0/Android/data/com.mojang.minecraftpe/files/' - '/data/user/0/com.mojang.minecraftpe/')"
			},
			{
				"requires":"$is_ios",
				"$image_path_cropped_property":"('§r' + (#image_path - ('%.92s' * #image_path)))"
			}
		],
		"bindings":[
			{
				"binding_name":"#local_world_image",
				"binding_name_override":"#image_path",
				"binding_type":"collection",
				"binding_collection_name":"local_worlds"
			},
			{
				"binding_type":"view",
				"source_property_name":"$image_path_cropped_property",
				"target_property_name":"#image_path_cropped"
			},
			{
				"binding_type":"view",
				"source_property_name":"('§r' + ((#image_path_cropped  - 'minecraftWorlds/' - 'LcocalState/games/com.mojang/' - 'ocalState/games/com.mojang/' - 'calState/games/com.mojang/' - 'alState/games/com.mojang/' - 'lState/games/com.mojang/' - 'State/games/com.mojang/' - 'tate/games/com.mojang/' - 'ate/games/com.mojang/' - 'te/games/com.mojang/' - 'e/games/com.mojang/' - '/games/com.mojang/' - 'games/com.mojang/' - 'ames/com.mojang/' - 'mes/com.mojang/' - 'es/com.mojang/' - 's/com.mojang/' - '/com.mojang/' - 'com.mojang/' - 'om.mojang/' - 'm.mojang/') - '/world_icon.jpeg'))",
				"target_property_name":"#text"
			},
			{
				"binding_type":"view",
				"source_control_name":"show_world_folder_name_checkbox",
				"source_property_name":"#toggle_state",
				"target_property_name":"#checkbox_toggle_state"
			},
			{
				"binding_type":"view",
				"source_property_name":"((not ((('§r' + #image_path) - '/minecraftWorlds/') = ('§r' + #image_path))) and #checkbox_toggle_state)",
				"target_property_name":"#visible"
			}
		]
	},
	"local_world_folder_name_undefined@play.world_list_text":{
		"ignored":"(not ($win10_edition or $is_android or $is_ios))",
		"text":"folder.name.undefined",
		"color":"$secondary_text_color",
		"localize":true,
		"bindings":[
			{
				"binding_type":"view",
				"source_control_name":"local_world_folder_name",
				"source_property_name":"(((#text = '0') or (#text = '§r0') or (#text = '') or (#text = '§r') or (not ((#text - '/') = #text))) and #checkbox_toggle_state)",
				"target_property_name":"#visible",
				"resolve_sibling_scope":true
			}
		]
	},
	"local_world_folder_name_unknown@play.world_list_text":{
		"ignored":"(not ($win10_edition or $is_android or $is_ios))",
		"text":"folder.name.unknown",
		"color":"$secondary_text_color",
		"localize":true,
		"bindings":[
			{
				"binding_type":"view",
				"source_control_name":"local_world_folder_name",
				"source_property_name":"((((('§r' + #image_path) - '/minecraftWorlds/') = ('§r' + #image_path))) and #checkbox_toggle_state)",
				"target_property_name":"#visible",
				"resolve_sibling_scope":true
			}
		]
	},
	"local_world_folder_name_hyphen@play.world_list_text":{
		"text":" - ",
		"color":"$secondary_text_color",
		"localize":false,
		"bindings":[
			{
				"binding_type":"view",
				"source_control_name":"show_world_folder_name_checkbox",
				"source_property_name":"#toggle_state",
				"target_property_name":"#visible"
			}
		]
	},
	"search_text_box_place_holder_control@common.empty_panel":{
		"controls":[
			{
				"search_icon@common.empty_image":{
					"anchor_from":"left_middle",
					"anchor_to":"left_middle",
					"texture":"textures/ui/spyglass_flat",
					"size":[
						15,
						15
					],
					"offset":[
						0,
						1
					],
					"color":[
						0.3,
						0.3,
						0.3
					]
				}
			},
			{
				"place_holder_text@common.text_edit_box_place_holder_label":{
					"anchor_from":"left_middle",
					"anchor_to":"left_middle",
					"color":[
						0.3,
						0.3,
						0.3
					],
					"offset":[
						18,
						1
					]
				}
			}
		]
	}
}