{
	"namespace":"start_new",
	"sidebar_button@common_buttons.light_content_button":{
		"$button_content":"start.button_icon_temple",
		"$icon_button":"textures/ui/arrow_right_white",
		"$pressed_button_name":"button.sidebar",
		"anchor_from":"top_left",
		"anchor_to":"top_left",
		"$button_text":"",
		"$color_icon":"$title_text_color",
		"$size_icon":[
			"100% - 8px",
			"100% - 8px"
		],
		"size":[
			25,
			25
		]
	},
	"settings_button@start_new.sidebar_button":{
		"$pressed_button_name":"button.menu_settings",
		"$icon_button":"textures/ui/gear",
		"anchor_from":"top_right",
		"anchor_to":"top_right",
		"$color_icon":[
			1,
			1,
			1
		],
		"$size_icon":[
			"100% - 5px",
			"100% - 5px"
		]
	},
	"close_button@start_new.sidebar_button":{
		"$icon_button":"textures/ui/close_button_default_light",
		"$pressed_button_name":"button.menu_exit",
		"$color_icon":"$title_text_color",
		"anchor_from":"top_right",
		"anchor_to":"top_right",
		"$size_icon":[
			"100%",
			"100%"
		]
	},
	"hide_screen_button@start_new.sidebar_button":{
		"$pressed_button_name":"button.hide_screen",
		"$button_content":"start.label_button_custom",
		"$icon_button":"textures/none",
		"$text_color":"$title_text_color",
		"anchor_from":"top_right",
		"anchor_to":"top_right",
		"$button_text":"H",
		"$size_icon":[
			"100%",
			"100%"
		]
	},
	"servers_button@start_new.settings_button":{
		"$pressed_button_name":"button.menu_servers",
		"$icon_button":"textures/ui/servers"
	},
	"background_sidebar":{
		"type":"screen",
		"layer":4,
		"focus_enabled":true,
		"animation_reset_name":"button.sidebar_off",
		"anims":[
			"@anim.sidebar_anim_off_on",
			"@anim.sidebar_anim_off_off"
		],
		"size":[
			"100%",
			"100%"
		],
		"controls":[
			{
				"background@common.empty_image":{
					"texture":"textures/ui/Black",
					"alpha":0.4,
					"layer":4,
					"size":[
						"100%",
						"100%"
					]
				}
			},
			{
				"background_sidebar@common.empty_image":{
					"texture":"textures/ui/Black",
					"alpha":0.6,
					"layer":5,
					"size":[
						150,
						"100%"
					],
					"anchor_from":"top_left",
					"anchor_to":"top_left",
					"controls":[
						{
							"player_button_sidebar_off@common.empty_panel":{
								"size":[
									"100%",
									28
								],
								"layer":70,
								"anchor_from":"top_left",
								"anchor_to":"top_left",
								"controls":[
									{
										"sidebar_button_off@start_new.border_wrapper_button":{
											"$pressed_button_name":"button.sidebar_off",
											"$text_button":"",
											"$icon_button":"textures/ui/arrow_left_white",
											"size":[
												"100%",
												"100%"
											]
										}
									},
									{
										"stack@common.horizontal_stack_panel":{
											"size":[
												"100%c",
												24
											],
											"anchor_from":"top_left",
											"anchor_to":"top_left",
											"offset":[
												30,
												2
											],
											"controls":[
												{
													"gamerpic_with_border@common.empty_panel":{
														"size":[
															22,
															"100%"
														],
														"controls":[
															{
																"gamerpic":{
																	"type":"image",
																	"anchor_from":"center",
																	"anchor_to":"center",
																	"size":[
																		20,
																		20
																	],
																	"layer":1,
																	"bindings":[
																		{
																			"binding_name":"#gamerpic_texture_path",
																			"binding_name_override":"#texture"
																		},
																		{
																			"binding_name":"#gamerpic_texture_location_type",
																			"binding_name_override":"#texture_file_system"
																		}
																	]
																}
															}
														]
													}
												},
												{
													"padding@common.empty_panel":{
														"size":[
															4,
															0
														]
													}
												},
												{
													"gamertag_player@common.empty_panel":{
														"size":[
															"100%cm",
															"100%"
														],
														"controls":[
															{
																"gamertag":{
																	"type":"label",
																	"shadow":true,
																	"text":"#gamertag_label",
																	"color":"$main_header_text_color",
																	"anchor_from":"left_middle",
																	"anchor_to":"left_middle",
																	"size":[
																		"default",
																		10
																	],
																	"bindings":[
																		{
																			"binding_name":"#gamertag_label"
																		}
																	]
																}
															}
														]
													}
												}
											],
											"bindings":[
												{
													"binding_name":"#gamertag_pic_and_label_visible",
													"binding_name_override":"#visible"
												}
											]
										}
									}
								]
							}
						},
						{
							"scrolling@common.scrolling_panel":{
								"$scroll_size":[
									"5px",
									"100%"
								],
								"size":[
									"100%",
									"100% - 28px"
								],
								"anchor_from":"bottom_left",
								"anchor_to":"bottom_left",
								"$always_handle_scrolling":false,
								"$scrolling_content":"start_new.sidebar_content",
								"$show_background":false
							}
						}
					]
				}
			}
		]
	},
	"sidebar_content@common.vertical_stack_panel":{
		"anchor_to":"$anchor_to_and_from",
		"anchor_from":"$anchor_to_and_from",
		"$anchor_to_and_from":"top_middle",
		"size":[
			"100%",
			"100%c"
		],
		"controls":[
			{
				"profile_player_button@start_new.border_wrapper_button":{
					"ignored":"($education_edition)",
					"$pressed_button_name":"button.to_profile_screen",
					"$text_button":"profileScreen.header",
					"$icon_button":"textures/ui/sidebar_icons/my_characters",
					"size":[
						"100%",
						23
					]
				}
			},
			{
				"achievements_button@start_new.border_wrapper_button":{
					"ignored":"$achievements_ignored",
					"$pressed_button_name":"button.menu_achievements",
					"$text_button":"menu.achievements",
					"$icon_button":"textures/ui/achievements",
					"size":[
						"100%",
						23
					]
				}
			},
			{
				"invite_button@start_new.border_wrapper_button":{
					"ignored":"$pre_release",
					"$pressed_button_name":"button.menu_invite_notification",
					"$text_button":"realmsInvitationScreen.shareTitle",
					"$icon_button":"textures/ui/invite_base",
					"$use_additional_controls":true,
					"$additional_controls":"start_new.invite_button_text_panel",
					"size":[
						"100%",
						23
					],
					"bindings":[
						{
							"binding_name":"(not #sign_in_visible)",
							"binding_name_override":"#visible"
						}
					]
				}
			},
			{
				"profile_button@start_new.border_wrapper_button":{
					"ignored":"$achievements_ignored",
					"$pressed_button_name":"button.menu_profile",
					"$text_button":"menu.profile",
					"$icon_button":"textures/items/book_portfolio",
					"size":[
						"100%",
						23
					]
				}
			},
			{
				"inbox_button@start_new.border_wrapper_button":{
					"$pressed_button_name":"button.menu_inbox",
					"$text_button":"menu.inbox",
					"$icon_button":"textures/none",
					"$use_additional_controls":true,
					"$additional_controls":"start_new.inbox_button_unread_notification_icon",
					"$icon_control":"start.inbox_bell_animated_icon",
					"size":[
						"100%",
						23
					],
					"button_mappings":[
						{
							"from_button_id":"button.menu_select",
							"to_button_id":"$pressed_button_name",
							"mapping_type":"pressed"
						},
						{
							"from_button_id":"button.menu_ok",
							"to_button_id":"$pressed_button_name",
							"mapping_type":"pressed"
						},
						{
							"to_button_id":"inbox_button.is_hovered",
							"mapping_type":"pressed"
						}
					],
					"bindings":[
						{
							"binding_name":"#inbox_enabled",
							"binding_name_override":"#visible"
						}
					]
				}
			},
			{
				"feedback_button@start_new.border_wrapper_button":{
					"ignored":"($feedback_ignored and $education_edition)",
					"$pressed_button_name":"button.feedback_button_pressed",
					"$text_button":"menu.feedback",
					"$icon_button":"textures/ui/Feedback",
					"size":[
						"100%",
						23
					],
					"property_bag":"$feedback_property_bag",
					"$feedback_property_bag":{
						
					},
					"variables":[
						{
							"requires":"$pre_release",
							"$pressed_button_name":"button.menu_open_uri",
							"$feedback_property_bag":{
								"#hyperlink":"https://aka.ms/minecraftfbbeta"
							}
						}
					]
				}
			},
			{
				"edu_feedback_button@start_new.border_wrapper_button":{
					"ignored":"($feedback_ignored or $edu_feedback_ignored)",
					"$pressed_button_name":"button.edu_feedback",
					"$text_button":"menu.feedback",
					"$icon_button":"textures/ui/Feedback",
					"size":[
						"100%",
						23
					],
					"bindings":[
						{
							"binding_name":"#feedback_visible",
							"binding_name_override":"#visible"
						}
					]
				}
			},
			{
				"exit_button@start_new.border_wrapper_button":{
					"ignored":"(not $can_quit)",
					"$pressed_button_name":"button.menu_exit",
					"$text_button":"menu.quit",
					"$icon_button":"textures/ui/close_button_default_light",
					"size":[
						"100%",
						23
					]
				}
			}
		]
	},
	"border_wrapper_button@common.empty_panel":{
		"size":[
			"100%",
			"100%"
		],
		"$button_icon|default":"",
		"$button_text|default":"",
		"layer":6,
		"controls":[
			{
				"icon@common.empty_image":{
					"texture":"$icon_button",
					"size":[
						16,
						16
					],
					"anchor_from":"left_middle",
					"anchor_to":"left_middle",
					"offset":[
						8,
						0
					]
				}
			},
			{
				"icon_control@$icon_control":{
					"size":[
						16,
						16
					],
					"anchor_from":"left_middle",
					"anchor_to":"left_middle",
					"offset":[
						8,
						0
					]
				}
			},
			{
				"text":{
					"type":"label",
					"text":"$text_button",
					"color":"$text_color",
					"size":[
						"100% - 40px",
						"default"
					],
					"anchor_from":"left_middle",
					"anchor_to":"left_middle",
					"offset":[
						28,
						0
					]
				}
			},
			{
				"additional_controls@$additional_controls":{
					"ignored":"(not $use_additional_controls)"
				}
			},
			{
				"button@common_buttons.light_text_button":{
					"$border_visible":false,
					"$button_image_fill":true,
					"$button_text":"",
					"$default_button_alpha":0,
					"$default_hover_alpha":0.3,
					"$default_pressed_alpha":0.3,
					"$locked_alpha":0,
					"$border_alpha":0,
					"$hover_button_texture":"textures/ui/white_background",
					"$pressed_button_texture":"textures/ui/white_background",
					"$font_type":"default"
				}
			}
		]
	},
	"inbox_button_unread_notification_icon@common.empty_image":{
		"texture":"textures/ui/red_dot",
		"size":[
			7,
			8
		],
		"anchor_from":"right_middle",
		"anchor_to":"right_middle",
		"offset":[
			-8,
			0
		],
		"layer":4,
		"bindings":[
			{
				"binding_name":"#unread_notification_icon"
			},
			{
				"binding_name":"#unread_notification_icon_visibility",
				"binding_name_override":"#visible"
			}
		]
	},
	"invite_button_text_panel@common.empty_panel":{
		"anchor_from":"right_middle",
		"anchor_to":"right_middle",
		"size":[
			0,
			"100%"
		],
		"offset":[
			-8,
			0
		],
		"bindings":[
			{
				"binding_name":"#realms_notification_visible",
				"binding_name_override":"#visible"
			}
		],
		"controls":[
			{
				"text@start.notification_button_text":{
					"layer":0,
					"controls":[
						{
							"background@start.notification_button_text_background":{
								"layer":-1,
								"size":[
									"100%+4px",
									"100%"
								],
								"offset":[
									-0.5,
									0
								]
							}
						}
					]
				}
			}
		]
	},
	"signin_button@start.xbl_signin_button":{
		"bindings":[
			{
				"binding_name":"#sign_in_visible",
				"binding_name_override":"#enabled"
			}
		]
	},
	"signin_panel@common.empty_panel":{
		"size":[
			"100%cm",
			"100%cm"
		],
		"anchor_from":"top_left",
		"anchor_to":"top_left",
		"layer":1,
		"controls":[
			{
				"signingin_text@common.tooltip_background":{
					"size":[
						"100%cm + 10px",
						"100%cm + 10px"
					],
					"offset":[
						1,
						28
					],
					"anchor_from":"top_left",
					"anchor_to":"top_left",
					"bindings":[
						{
							"binding_name":"#signingin_visible",
							"binding_name_override":"#visible"
						}
					],
					"controls":[
						{
							"signingin":{
								"type":"label",
								"size":[
									160,
									"default"
								],
								"color":"$main_header_text_color",
								"text":"#signingin_text",
								"bindings":[
									{
										"binding_name":"#signingin_text"
									}
								]
							}
						}
					]
				}
			}
		]
	},
	"text_panel":{
		"type":"image",
		"texture":"textures/ui/hud_tip_text_background",
		"layer":-1,
		"anchor_from":"bottom_middle",
		"anchor_to":"bottom_middle",
		"offset":[
			0,
			-1
		],
		"alpha":0.6,
		"size":[
			"100%cm + 8px",
			"100%cm + 4px"
		],
		"controls":[
			{
				"tps@text_panel_stack":{
					
				}
			}
		]
	},
	"text_panel_stack@common.horizontal_stack_panel":{
		"anchor_from":"bottom_middle",
		"anchor_to":"bottom_middle",
		"offset":[
			0,
			-1
		],
		"size":[
			"100%c",
			10
		],
		"layer":0,
		"controls":[
			{
				"copyright":{
					"type":"label",
					"text":"menu.copyright",
					"size":[
						"default",
						10
					]
				}
			},
			{
				"padding1":{
					"type":"label",
					"text":" / ",
					"size":[
						"default",
						10
					]
				}
			},
			{
				"version":{
					"type":"label",
					"text":"#version",
					"size":[
						"default",
						10
					],
					"bindings":[
						{
							"binding_name":"#version"
						}
					]
				}
			},
			{
				"padding2":{
					"type":"label",
					"ignored":"($is_publish and not $debug_mode)",
					"text":" / ",
					"size":[
						"default",
						10
					]
				}
			},
			{
				"build_label":{
					"ignored":"($is_publish and not $debug_mode)",
					"type":"label",
					"text":"#text",
					"size":[
						"default",
						10
					],
					"bindings":[
						{
							"binding_name":"#development_version"
						},
						{
							"binding_type":"view",
							"source_property_name":"('Build: ' + #development_version)",
							"target_property_name":"#text"
						}
					]
				}
			}
		]
	}
}