{
	"namespace":"trade_new",
	"xp_trade_level@hud_new.percentage":{
		"$percentage":"#exp_progress",
		"anchor_from":"bottom_left",
		"anchor_to":"bottom_left",
		"$shadow":false,
		"size":[
			"100%c",
			"100%cm"
		],
		"offset":[
			0,
			11
		],
		"$color":"$title_text_color"
	},
	"xp_white_bar_trade_level@trade_new.xp_trade_level":{
		"$percentage":"#exp_possible_progress",
		"anchor_from":"bottom_right",
		"anchor_to":"bottom_right",
		"$shadow":false,
		"$color":"$title_text_color"
	},
}