{
	"touch_section":{
		"$use_button_mode":true
	},
	"touch_section/common_touch_settings/control_scheme_section/image_and_button/images":{
		"size":[
			"39%",
			"50%x"
		],
		"modifications":[
			{
				"array_name":"controls",
				"operation":"insert_back",
				"value":[
					{
						"touch_control_scheme_info_tooltip@controls_section.touch_control_scheme_info_tooltip_button":{
							
						}
					}
				]
			}
		]
	},
	"touch_section/common_touch_settings/control_scheme_section/image_and_button/scheme_button_section":{
		"size":[
			"fill",
			"100%sm"
		],
		"modifications":[
			{
				"array_name":"controls",
				"operation":"insert_back",
				"value":[
					{
						"select_control_mode@settings_common.action_button":{
							"$pressed_button_name":"button.select_control_mode",
							"$button_text":"options.controlMode.selectControlMode",
							"size":[
								"100%",
								24
							],
							"anchor_to":"bottom_middle",
							"anchor_from":"bottom_middle"
						}
					}
				]
			}
		]
	},
	"touch_section/common_touch_settings/control_scheme_section/image_and_button/scheme_button_section/caption/selected_label":{
		"font_scale_factor":1
	},
	"touch_section/common_touch_settings/control_scheme_section/image_and_button/scheme_button_section/caption/selected_control":{
		"font_scale_factor":1,
		"size":[
			"100%",
			"default"
		]
	},
	"touch_section/common_touch_settings/control_scheme_section":{
		"modifications":[
			{
				"control_name":"padding_1",
				"operation":"remove"
			},
			{
				"control_name":"select_control_mode",
				"operation":"remove"
			}
		]
	},
	"touch_section/common_touch_settings":{
		"modifications":[
			{
				"array_name":"controls",
				"operation":"insert_back",
				"value":[
					{
						"section_panel_1":{
							"type":"panel",
							"size":[
								"100%",
								"100%c + 14px"
							],
							"controls":[
								{
									"section_divider":{
										"type":"image",
										"size":[
											"100% - 30px",
											1
										],
										"anchor_from":"center",
										"anchor_to":"center",
										"layer":3,
										"texture":"textures/ui/focus_border_white"
									}
								}
							]
						}
					}
				]
			}
		]
	},
	"touch_control_scheme_info_tooltip_button@common.button":{
		"size":[
			"100%",
			"100%"
		],
		"layer":2,
		"$pressed_button_name":"button.selected_control_scheme_info_tooltip",
		"$tooltip_offset|default":[
			0,
			13
		],
		"sound_volume":0,
		"controls":[
			{
				"default@common.empty_panel":{
					
				}
			},
			{
				"hover@focus_border":{
					"controls":[
						{
							"tooltip@controls_section.touch_control_scheme_info_tooltip":{
								
							}
						}
					]
				}
			},
			{
				"pressed@focus_border":{
					"controls":[
						{
							"tooltip@controls_section.touch_control_scheme_info_tooltip":{
								
							}
						}
					]
				}
			}
		]
	},
	"focus_border":{
		"type":"image",
		"texture":"textures/ui/focus_border_white"
	},
	"touch_control_scheme_info_tooltip@common.tooltip_background":{
		"size":[
			"100%cm + 10px",
			"100%cm + 10px"
		],
		"anchor_from":"bottom_middle",
		"anchor_to":"top_middle",
		"offset":"$tooltip_offset",
		"layer":100,
		"allow_clipping":false,
		"controls":[
			{
				"content@controls_section.touch_control_scheme_info_tooltip_content":{
					
				}
			},
			{
				"chevron_image":{
					"type":"image",
					"texture":"textures/ui/tooltip_inverted_chevron",
					"layer":2,
					"bilinear":true,
					"size":[
						19,
						13
					],
					"anchor_from":"top_middle",
					"anchor_to":"top_middle",
					"offset":[
						0,
						"-10px"
					]
				}
			}
		]
	},
	"touch_control_scheme_info_tooltip_content":{
		"type":"stack_panel",
		"size":[
			"300px",
			"100%c"
		],
		"layer":1,
		"controls":[
			{
				"description":{
					"type":"label",
					"size":[
						"100%",
						"default"
					],
					"text_alignment":"left",
					"text":"#text",
					"bindings":[
						{
							"binding_name":"#selected_control_scheme_name"
						},
						{
							"binding_type":"view",
							"source_property_name":"(#selected_control_scheme_name - 'Label' - 'label' + 'Info')",
							"target_property_name":"#text"
						}
					]
				}
			}
		]
	}
}