{
	"global_texture_pack_section":{
		"$selected_item":"global_s",
		"$available_item":"global_a",
		"$search_name":"global_search"
	},
	"sound_section":{
		"type":"stack_panel",
		"size":[
			"100%",
			"100%c"
		],
		"anchor_from":"top_left",
		"anchor_to":"top_left",
		"bindings":[
			{
				"binding_type":"view",
				"source_control_name":"sound_button_toggle",
				"source_property_name":"#toggle_state",
				"target_property_name":"#visible"
			}
		],
		"controls":[
			{
				"MainVolume":{
					"type":"panel",
					"size":[
						"100%",
						6
					]
				}
			},
			{
				"Main@settings_common.option_slider":{
					"size":[
						"95%",
						16
					],
					"$option_label":"#main_volume_slider_label",
					"$slider_name":"main_volume",
					"$slider_value_binding_name":"#main_volume",
					"$slider_tts_text_value":"#main_volume_text_value",
					"$option_enabled_binding_name":"#main_volume_enabled",
					"$focus_override_up":"FOCUS_OVERRIDE_STOP",
					"$label_bindings":[
						{
							"binding_name":"$option_label"
						}
					]
				}
			},
			{
				"line":{
					"type":"panel",
					"size":[
						"100%",
						"100%c + 14px"
					],
					"controls":[
						{
							"test":{
								"type":"image",
								"size":[
									"100% - 30px",
									1
								],
								"anchor_from":"center",
								"anchor_to":"center",
								"layer":1,
								"texture":"textures/ui/list_item_divider_line_light"
							}
						}
					]
				}
			},
			{
				"panel_1":{
					"type":"panel",
					"size":[
						"100%",
						6
					]
				}
			},
			{
				"stack_1":{
					"type":"stack_panel",
					"size":[
						"95%",
						16
					],
					"orientation":"horizontal",
					"controls":[
						{
							"slider_1@settings_common.option_slider":{
								"size":[
									"50% - 1px",
									16
								],
								"$option_label":"#music_volume_slider_label",
								"$slider_name":"music_volume",
								"$slider_value_binding_name":"#music_volume",
								"$slider_tts_text_value":"#music_volume_text_value",
								"$option_enabled_binding_name":"#music_volume_enabled",
								"$focus_override_up":"FOCUS_OVERRIDE_STOP",
								"$label_bindings":[
									{
										"binding_name":"$option_label"
									}
								]
							}
						},
						{
							"panel":{
								"type":"panel",
								"size":[
									2,
									16
								]
							}
						},
						{
							"slider_2@settings_common.option_slider":{
								"size":[
									"50% - 1px",
									16
								],
								"$option_label":"#sound_volume_slider_label",
								"$slider_name":"sound_volume",
								"$slider_value_binding_name":"#sound_volume",
								"$slider_tts_text_value":"#sound_volume_text_value",
								"$option_enabled_binding_name":"#sound_volume_enabled",
								"$focus_override_up":"FOCUS_OVERRIDE_STOP",
								"$label_bindings":[
									{
										"binding_name":"$option_label"
									}
								]
							}
						}
					]
				}
			},
			{
				"panel_2":{
					"type":"panel",
					"size":[
						"100%",
						22
					]
				}
			},
			{
				"stack_2":{
					"type":"stack_panel",
					"size":[
						"95%",
						16
					],
					"orientation":"horizontal",
					"controls":[
						{
							"slider_1@settings_common.option_slider":{
								"size":[
									"50% - 1px",
									16
								],
								"$option_label":"#ambient_volume_slider_label",
								"$slider_name":"ambient_volume",
								"$slider_value_binding_name":"#ambient_volume",
								"$slider_tts_text_value":"#ambient_volume_text_value",
								"$option_enabled_binding_name":"#ambient_volume_enabled",
								"$focus_override_up":"FOCUS_OVERRIDE_STOP",
								"$label_bindings":[
									{
										"binding_name":"$option_label"
									}
								]
							}
						},
						{
							"panel":{
								"type":"panel",
								"size":[
									2,
									16
								]
							}
						},
						{
							"slider_2@settings_common.option_slider":{
								"size":[
									"50% - 1px",
									16
								],
								"$option_label":"#block_volume_slider_label",
								"$slider_name":"block_volume",
								"$slider_value_binding_name":"#block_volume",
								"$slider_tts_text_value":"#block_volume_text_value",
								"$option_enabled_binding_name":"#block_volume_enabled",
								"$focus_override_up":"FOCUS_OVERRIDE_STOP",
								"$label_bindings":[
									{
										"binding_name":"$option_label"
									}
								]
							}
						}
					]
				}
			},
			{
				"panel_3":{
					"type":"panel",
					"size":[
						"100%",
						22
					]
				}
			},
			{
				"stack_3":{
					"type":"stack_panel",
					"size":[
						"95%",
						16
					],
					"orientation":"horizontal",
					"controls":[
						{
							"slider_1@settings_common.option_slider":{
								"size":[
									"50% - 1px",
									16
								],
								"$option_label":"#hostile_volume_slider_label",
								"$slider_name":"hostile_volume",
								"$slider_value_binding_name":"#hostile_volume",
								"$slider_tts_text_value":"#hostile_volume_text_value",
								"$option_enabled_binding_name":"#hostile_volume_enabled",
								"$focus_override_up":"FOCUS_OVERRIDE_STOP",
								"$label_bindings":[
									{
										"binding_name":"$option_label"
									}
								]
							}
						},
						{
							"panel":{
								"type":"panel",
								"size":[
									2,
									16
								]
							}
						},
						{
							"slider_2@settings_common.option_slider":{
								"size":[
									"50% - 1px",
									16
								],
								"$option_label":"#neutral_volume_slider_label",
								"$slider_name":"neutral_volume",
								"$slider_value_binding_name":"#neutral_volume",
								"$slider_tts_text_value":"#neutral_volume_text_value",
								"$option_enabled_binding_name":"#neutral_volume_enabled",
								"$focus_override_up":"FOCUS_OVERRIDE_STOP",
								"$label_bindings":[
									{
										"binding_name":"$option_label"
									}
								]
							}
						}
					]
				}
			},
			{
				"panel_4":{
					"type":"panel",
					"size":[
						"100%",
						22
					]
				}
			},
			{
				"stack_4":{
					"type":"stack_panel",
					"size":[
						"95%",
						16
					],
					"orientation":"horizontal",
					"controls":[
						{
							"slider_1@settings_common.option_slider":{
								"size":[
									"50% - 1px",
									16
								],
								"$option_label":"#player_volume_slider_label",
								"$slider_name":"player_volume",
								"$slider_value_binding_name":"#player_volume",
								"$slider_tts_text_value":"#player_volume_text_value",
								"$option_enabled_binding_name":"#player_volume_enabled",
								"$focus_override_up":"FOCUS_OVERRIDE_STOP",
								"$label_bindings":[
									{
										"binding_name":"$option_label"
									}
								]
							}
						},
						{
							"panel":{
								"type":"panel",
								"size":[
									2,
									16
								]
							}
						},
						{
							"slider_2@settings_common.option_slider":{
								"size":[
									"50% - 1px",
									16
								],
								"$option_label":"#record_volume_slider_label",
								"$slider_name":"record_volume",
								"$slider_value_binding_name":"#record_volume",
								"$slider_tts_text_value":"#record_volume_text_value",
								"$option_enabled_binding_name":"#record_volume_enabled",
								"$focus_override_up":"FOCUS_OVERRIDE_STOP",
								"$label_bindings":[
									{
										"binding_name":"$option_label"
									}
								]
							}
						}
					]
				}
			},
			{
				"panel_5":{
					"type":"panel",
					"size":[
						"100%",
						22
					]
				}
			},
			{
				"stack_5":{
					"type":"stack_panel",
					"size":[
						"95%",
						16
					],
					"orientation":"horizontal",
					"controls":[
						{
							"slider_1@settings_common.option_slider":{
								"size":[
									"50% - 1px",
									16
								],
								"$option_label":"#weather_volume_slider_label",
								"$slider_name":"weather_volume",
								"$slider_value_binding_name":"#weather_volume",
								"$slider_tts_text_value":"#weather_volume_text_value",
								"$option_enabled_binding_name":"#weather_volume_enabled",
								"$focus_override_up":"FOCUS_OVERRIDE_STOP",
								"$label_bindings":[
									{
										"binding_name":"$option_label"
									}
								]
							}
						},
						{
							"panel":{
								"type":"panel",
								"size":[
									2,
									16
								]
							}
						},
						{
							"slider_2@settings_common.option_slider":{
								"size":[
									"50% - 1px",
									16
								],
								"$option_label":"#texttospeech_volume_slider_label",
								"$slider_name":"texttospeech_volume",
								"$slider_value_binding_name":"#texttospeech_volume",
								"$slider_tts_text_value":"#texttospeech_volume_text_value",
								"$option_enabled_binding_name":"#texttospeech_volume_enabled",
								"$focus_override_up":"FOCUS_OVERRIDE_STOP",
								"$label_bindings":[
									{
										"binding_name":"$option_label"
									}
								]
							}
						}
					]
				}
			},
			{
				"panel_6":{
					"type":"panel",
					"size":[
						"100%",
						9
					]
				}
			},
			{
				"reset_button@settings_common.action_button":{
					"ignored":"(not $is_pregame)",
					"$pressed_button_name":"button.reset_settings",
					"$button_text":"options.resetSettings",
					"$focus_override_down":"FOCUS_OVERRIDE_STOP",
					"property_bag":{
						"reset_group":"audio"
					}
				}
			}
		]
	},
	"gamertag_controls/gamertag_label":{
		"size":[
			"100%",
			34
		],
		"controls":[
			{
				"panel":{
					"type":"panel",
					"size":[
						"100%",
						"100%"
					],
					"controls":[
						{
							"gamerpic":{
								"type":"image",
								"size":[
									32,
									32
								],
								"layer":1,
								"anchor_from":"left_middle",
								"anchor_to":"left_middle",
								"offset":[
									1,
									0
								],
								"bindings":[
									{
										"binding_name":"#gamerpic_texture_path",
										"binding_name_override":"#texture"
									},
									{
										"binding_name":"#gamerpic_texture_location_type",
										"binding_name_override":"#texture_file_system"
									}
								],
								"controls":[
									{
										"player_panel_black_border@common.square_image_border_white":{
											"size":[
												"100% + 2px",
												"100% + 2px"
											],
											"color":[
												0,
												0,
												0
											],
											"anchor_from":"center",
											"anchor_to":"center"
										}
									}
								]
							}
						},
						{
							"panel_gamertag":{
								"type":"label",
								"color":"$main_header_text_color",
								"layer":1,
								"text":"#gamertag_label",
								"font_size":"large",
								"locked_alpha":0.5,
								"anchor_from":"bottom_left",
								"anchor_to":"bottom_left",
								"offset":[
									37,
									0
								],
								"bindings":[
									{
										"binding_name":"#gamertag_label"
									}
								]
							}
						},
						{
							"label_descriptor":{
								"type":"label",
								"color":"$main_header_text_color",
								"layer":1,
								"text":"options.gamertag",
								"locked_alpha":0.5,
								"anchor_from":"top_left",
								"anchor_to":"top_left",
								"offset":[
									37,
									4
								]
							}
						}
					]
				}
			}
		]
	},
	"gamertag_controls/sign_out":{
		"ignored":false
	},
	"video_section/max_framerate_slider":{
		"ignored":false
	}
}