{
	"namespace":"quick_settings",
	"quick_settings_button@common_toggles.light_content_toggle":{
		"type":"input_panel",
		"prevent_touch_input":true,
		"$toggle_default_state":"$quick_settings",
		"$toggle_view_binding_name":"quick_settings_toggle",
		"$hover_text_panel|default":"common.empty_panel",
		"$icon_toggle_default|default":"textures/ui/sidebar_icons/menu_threebars",
		"$icon_toggle_pressed|default":"textures/ui/x_default",
		"$button_content":"quick_settings.icons_temple",
		"$icons_offset|default":"",
		"size":"$size_button",
		"$size_button|default":[
			25,
			25
		],
		"$icons_color|default":"$title_text_color"
	},
	"icons_temple":{
		"type":"panel",
		"controls":[
			{
				"icons_default":{
					"type":"image",
					"ignored":"$pressed_state",
					"texture":"$icon_toggle_default",
					"anchor_from":"center",
					"anchor_top":"center",
					"color":"$icons_color",
					"offset":"$icons_offset",
					"size":[
						"100% - 2px",
						"100% - 2px"
					]
				}
			},
			{
				"icons_pressed":{
					"type":"image",
					"ignored":"(not $pressed_state)",
					"texture":"$icon_toggle_pressed",
					"anchor_from":"center",
					"anchor_top":"center",
					"color":"$icons_color",
					"offset":"$icons_offset",
					"size":[
						"100% - 2px",
						"100% - 2px"
					]
				}
			},
			{
				"$hover_text_panel@$hover_text_panel":{
					"ignored":"((not $toggle_checked_hover) and (not $hover_state))"
				}
			}
		]
	},
	"quick_panel_setting@common_dialogs.main_panel_no_buttons":{
		"$child_control":"quick_settings.ghhg",
		"anchor_from":"$quick_settings_anchor",
		"anchor_to":"$quick_settings_anchor",
		"offset":"$quick_settings_offset",
		"size":"$quick_settings_size",
		"$show_close_button":false,
		"$text_name":"",
		"layer":1
	},
	"ghhg":{
		"type":"panel",
		"controls":[
			{
				"gh@quick_settings.scrolling_quick_setting":{
					
				}
			},
			{
				"hg@quick_settings.scrolling_quick_setting_language":{
					
				}
			}
		]
	},
	"scrolling_quick_setting_language@common.scrolling_panel":{
		"type":"input_panel",
		"$scrolling_content":"general_section.language_section",
		"$always_handle_scrolling":false,
		"prevent_touch_input":true,
		"$show_background":false,
		"anchor_from":"center",
		"anchor_to":"center",
		"$scroll_size":[
			"5px",
			"100%"
		],
		"size":[
			"100%",
			"100%"
		],
		"bindings":[
			{
				"binding_type":"view",
				"source_control_name":"language_button_toggle",
				"source_property_name":"#toggle_state",
				"target_property_name":"#visible"
			}
		]
	},
	"scrolling_quick_setting@common.scrolling_panel":{
		"type":"input_panel",
		"$scrolling_content":"quick_settings.quick_setting_content",
		"$always_handle_scrolling":false,
		"prevent_touch_input":true,
		"$show_background":false,
		"anchor_from":"center",
		"anchor_to":"center",
		"$scroll_size":[
			"5px",
			"100%"
		],
		"size":[
			"100%",
			"100%"
		],
		"bindings":[
			{
				"binding_type":"view",
				"source_control_name":"language_button_toggle",
				"source_property_name":"(not #toggle_state)",
				"target_property_name":"#visible"
			}
		]
	},
	"quick_setting_content":{
		"type":"stack_panel",
		"anchor_from":"center",
		"anchor_to":"center",
		"size":[
			"100% - 4px",
			"100%c"
		],
		"offset":[
			2,
			0
		],
		"controls":[
			{
				"padding@common.empty_panel":{
					"size":[
						"100%",
						2
					]
				}
			},
			{
				"convert_camera_player_stack@settings.convert_camera_player_stack":{
					
				}
			},
			{
				"padding0@common.empty_panel":{
					"size":[
						"100%",
						2
					]
				}
			},
			{
				"fov_slider@settings_common.option_slider":{
					"size":[
						"100%",
						30
					],
					"anchor_from":"top_middle",
					"anchor_to":"top_middle",
					"$ignored":"($is_holographic and $is_reality_mode and not $is_pregame)",
					"$option_label":"#field_of_view_slider_label",
					"$slider_tts_text_value":"#field_of_view_text_value",
					"$slider_name":"field_of_view",
					"$slider_value_binding_name":"#field_of_view",
					"$option_enabled_binding_name":"#field_of_view_enabled",
					"$label_bindings":[
						{
							"binding_name":"$option_label"
						}
					]
				}
			},
			{
				"option_toggle_use_touchpad@settings_common.option_toggle":{
					"$option_label":"options.usetouchpad",
					"$option_binding_name":"#split_controls",
					"$option_enabled_binding_name":"#split_controls_enabled",
					"$toggle_name":"split_controls",
					"bindings":[
						{
							"binding_name":"(not #touch_controls_v2)",
							"binding_name_override":"#visible"
						}
					]
				}
			},
			{
				"option_toggle_hidehand@settings_common.option_toggle":{
					"ignored":"($is_holographic)",
					"$option_label":"options.hidehand",
					"$option_binding_name":"#hide_hand",
					"$option_enabled_binding_name":"#hide_hand_enabled",
					"$toggle_name":"hide_hand"
				}
			},
			{
				"option_toggle_hidehud@settings_common.option_toggle":{
					"ignored":"($is_holographic)",
					"$option_label":"options.hidehud",
					"$option_binding_name":"#hide_hud",
					"$option_enabled_binding_name":"#hide_hud_enabled",
					"$toggle_name":"hide_hud"
				}
			},
			{
				"view_bobbing_toggle@settings_common.option_toggle":{
					"ignored":"($is_holographic and $is_reality_mode and not $is_pregame)",
					"$option_label":"options.viewBobbing",
					"$option_binding_name":"#view_bobbing",
					"$option_enabled_binding_name":"#view_bobbing_enabled",
					"$toggle_name":"view_bobbing"
				}
			},
			{
				"field_of_view_toggle@settings_common.option_toggle":{
					"$option_label":"options.fov.toggle",
					"$option_binding_name":"#field_of_view_toggle",
					"$option_enabled_binding_name":"#field_of_view_toggle_enabled",
					"$toggle_name":"field_of_view_toggle"
				}
			},
			{
				"upscaling_toggle@general_section.upscaling_toggle":{
					"ignored":"$new_video_settings"
				}
			},
			{
				"raytracing_toggle@settings_common.option_toggle":{
					"ignored":"($is_holographic or $new_video_settings)",
					"$option_label":"options.raytracing",
					"$option_binding_name":"#raytracing",
					"$option_enabled_binding_name":"#raytracing_enabled",
					"$toggle_name":"raytracing",
					"controls":[
						{
							"rtx_disabled_option_upsell@general_section.rtx_disabled_option_upsell":{
								
							}
						},
						{
							"option_generic_core@settings_common.option_generic_core":{
								
							}
						}
					]
				}
			},
			{
				"raytracing_render_distance_slider@settings_common.option_slider":{
					"ignored":"($is_holographic)",
					"$option_label":"#raytracing_render_distance_slider_label",
					"$slider_name":"raytracing_render_distance",
					"$slider_value_binding_name":"#raytracing_render_distance",
					"$slider_tts_text_value":"#raytracing_render_distance_text_value",
					"$option_enabled_binding_name":"#raytracing_render_distance_enabled",
					"$slider_steps_binding_name":"#raytracing_render_distance_steps",
					"$label_bindings":[
						{
							"binding_name":"$option_label"
						}
					],
					"controls":[
						{
							"rtx_render_distance_warning@general_section.rtx_render_distance_warning":{
								
							}
						},
						{
							"option_generic_core@settings_common.option_generic_core":{
								
							}
						}
					],
					"bindings":[
						{
							"binding_name":"#show_raytracing_render_distance",
							"binding_name_override":"#visible"
						}
					]
				}
			}
		]
	}
}