{
	"dynamic_dialog_screen":{
		"$screen_background_control":"settings_common.input_in_tyel_setting_overlay",
		"$header_safezone_control":"common_store.store_top_bar_filler",
		"$header_bar_control":"common_store.store_top_bar",
		"$is_full_screen_layout":true,
		"$store_top_bar_size":[
			"100%",
			30
		]
	},
	"settings_content/background":{
		"bindings":[
			{
				"binding_type":"view",
				"source_control_name":"quick_settings_toggle",
				"source_property_name":"(not #toggle_state)",
				"target_property_name":"#visible"
			}
		]
	},
	"setting_backgrond_content":{
		"type":"panel",
		"size":[
			"100%",
			"100%"
		],
		"controls":[
			{
				"background":{
					"type":"image",
					"texture":"textures/ui/White",
					"fill":true,
					"layer":-2,
					"alpha":1,
					"color":[
						0.192,
						0.196,
						0.2
					]
				}
			}
		]
	},
	"input_in_tyel_setting_overlay@common.empty_panel":{
		"visible":"$is_tyel_settings_overlay",
		"$variables_toggle|default":[
			{
				"requires":"$is_tyel_settings_overlay",
				"$alpha_icon_and_button":1
			}
		],
		"size":[
			"100%",
			"100%"
		],
		"controls":[
			{
				"player_list_mobile_toggle@hud_new.player_list_toggle":{
					"variables":"$variables_toggle",
					"anchor_from":"top_middle",
					"anchor_to":"top_middle",
					"offset":[
						-99,
						1
					]
				}
			},
			{
				"inventory_overlay_toggle@hud_new.inventory_overlay_toggle":{
					"variables":"$variables_toggle",
					"anchor_from":"top_middle",
					"anchor_to":"top_middle",
					"offset":[
						-80,
						1
					]
				}
			},
			{
				"input_panel":{
					"type":"input_panel",
					"prevent_touch_input":true,
					"anchor_from":"top_middle",
					"anchor_to":"top_middle",
					"layer":100,
					"size":[
						39,
						20
					],
					"offset":[
						-79,
						0
					]
				}
			}
		]
	},
	"settings_content/stack_panel/content_panel":{
		"modifications":[
			{
				"control_name":"common_panel",
				"operation":"replace",
				"value":[
					{
						"header@common_store.store_top_bar":{
							"anchor_from":"top_middle",
							"anchor_to":"top_middle",
							"$store_top_bar_size":[
								"100%",
								30
							],
							"controls":[
								{
									"left_close@common_store.back_content_panel":{
										"layer":201,
										"offset":[
											2,
											0
										],
										"size":[
											25,
											25
										],
										"anchor_from":"left_middle",
										"anchor_to":"left_middle"
									}
								},
								{
									"dialog_titles@settings_common.dialog_titles":{
										
									}
								}
							]
						}
					}
				]
			}
		]
	},
	"screen_base":{
		"$dialog_content":"settings_common.screen_base_content"
	},
	"dialog_content":{
		"anchor_from":"bottom_middle",
		"anchor_to":"bottom_middle",
		"size":[
			"100%",
			"100% - 7px"
		],
		"modifications":[
			{
				"control_name":"dialog_titles",
				"operation":"remove"
			}
		]
	},
	"selector_group_label":{
		"font_type":"default",
		"font_scale_factor":1
	},
	"dialog_title_label":{
		"font_type":"default",
		"font_scale_factor":2.3
	},
	"dialog_titles":{
		"anchor_from":"left_middle",
		"anchor_to":"left_middle",
		"size":[
			"100%",
			30
		],
		"layer":201,
		"controls":[
			{
				"left_padding":{
					"type":"panel",
					"size":[
						26,
						"100%"
					]
				}
			},
			{
				"dialog_title@settings_common.dialog_title_label":{
					"size":[
						"default",
						"20px"
					],
					"max_size":[
						"50%",
						"20px"
					]
				}
			},
			{
				"title_padding":{
					"type":"label",
					"text":"/",
					"color":"$title_text_color",
					"anchor_from":"top_left",
					"anchor_to":"top_left",
					"font_type":"default",
					"font_scale_factor":2.3,
					"size":[
						"default",
						"default"
					]
				}
			},
			{
				"section_title":{
					"type":"panel",
					"size":[
						"default",
						"100%"
					],
					"anchor_from":"left_middle",
					"anchor_to":"left_middle",
					"controls":[
						{
							"section_title_labels":{
								"type":"stack_panel",
								"orientation":"vertical",
								"size":[
									"default",
									"default"
								],
								"controls":[
									{
										"section_title_label@settings_common.section_title_label":{
											"text_alignment":"left",
											"size":[
												"100%",
												10
											],
											"bindings":[
												{
													"binding_name":"#section_title"
												},
												{
													"binding_type":"view",
													"source_control_name":"quick_settings_toggle",
													"source_property_name":"(not #toggle_state)",
													"target_property_name":"#visible"
												}
											]
										}
									},
									{
										"section_title_label_quick_label":{
											"type":"label",
											"text":"setting.name.quicksettings",
											"ignored":"($is_pregame and $include_world_section)",
											"color":"$title_text_color",
											"text_alignment":"left",
											"font_type":"default",
											"font_scale_factor":1,
											"size":[
												"100%",
												10
											],
											"bindings":[
												{
													"binding_type":"view",
													"source_control_name":"quick_settings_toggle",
													"source_property_name":"(#toggle_state)",
													"target_property_name":"#visible"
												}
											]
										}
									},
									{
										"world_seed":{
											"type":"stack_panel",
											"orientation":"horizontal",
											"ignored":"(not $include_world_section)",
											"bindings":[
												{
													"binding_type":"global",
													"binding_name":"#world_seed"
												},
												{
													"binding_type":"view",
													"source_property_name":"(not (#world_seed = ''))",
													"target_property_name":"#visible"
												}
											],
											"controls":[
												{
													"seed_title@settings_common.section_title_label":{
														"text":"createWorldScreen.levelSeed",
														"size":[
															"default",
															10
														],
														"bindings":[
															
														]
													}
												},
												{
													"padding":{
														"type":"panel",
														"size":[
															2,
															0
														]
													}
												},
												{
													"colon":{
														"type":"label",
														"size":[
															"default",
															10
														],
														"text":": ",
														"color":"$title_text_color",
														"layer":2,
														"localize":false
													}
												},
												{
													"seed_number@settings_common.section_title_label":{
														"text":"#world_seed",
														"bindings":[
															{
																"binding_type":"global",
																"binding_name":"#world_seed"
															}
														]
													}
												}
											]
										}
									}
								]
							}
						}
					]
				}
			}
		]
	},
	"screen_base_content":{
		"type":"panel",
		"controls":[
			{
				"quick_settings_button@quick_settings.quick_settings_button":{
					"anchor_from":"top_right",
					"anchor_to":"top_right",
					"layer":201,
					"offset":[
						-1,
						-1
					]
				}
			},
			{
				"dialog_content@settings_common.dialog_content":{
					"bindings":[
						{
							"binding_type":"view",
							"source_control_name":"quick_settings_toggle",
							"source_property_name":"(not #toggle_state)",
							"target_property_name":"#visible"
						}
					]
				}
			},
			{
				"quick_panel_setting@quick_settings.quick_panel_setting":{
					"bindings":[
						{
							"binding_type":"view",
							"source_control_name":"quick_settings_toggle",
							"source_property_name":"(#toggle_state)",
							"target_property_name":"#visible"
						}
					]
				}
			}
		]
	},
	"selector_area":{
		"size":[
			"35% - 3px",
			"100% - 19px"
		]
	},
	"section_divider":{
		"offset":[
			"35%",
			"20px"
		]
	},
	"content_area":{
		"size":[
			"65% - 8px",
			"100% - 19px"
		]
	}
}