{
	"launch_world_button_stack_def":{
		"orientation":"vertical",
		"size":[
			"100%",
			60
		]
	},
	"play_or_create_stack_bedrock/create_or_play_button":{
		"$default_button_texture":"textures/ui/button_borderless_lighthover",
		"$default_text_color":"$light_button_hover_text_color",
		"$button_font_scale_factor":1.3,
		"$font_type":"MinecraftTen",
		"size":[
			"100%",
			30
		]
	},
	"play_or_create_stack_bedrock/play_on_realm_button":{
		"size":[
			"100%",
			30
		]
	},
	"game_section/world_settings_label":{
		"ignored":false,
		"$font_scale_factor":1.5,
		"$additional_controls":"settings_common.group_label_header_bar"
	},
	"game_section/option_text_edit_0":{
		"$max_text_edit_length":50,
		"$additional_controls":"settings_common.option_dynamic_description_panel",
		"$option_desc":"createWorldScreen.worldNameDescription.create"
	},
	"game_section/option_text_edit_1":{
		"$max_text_edit_length":50,
		"$additional_controls":"settings_common.option_dynamic_description_panel",
		"$option_desc":"createWorldScreen.worldNameDescription.edit"
	},
	"game_section/option_dropdown_0":{
		"$use_button_mode":true,
		"$additional_controls":"world_section.world_game_mode_descriptions_panel"
	},
	"game_section/option_dropdown_1":{
		"$use_button_mode":true,
		"$additional_controls":"world_section.player_game_mode_descriptions_panel"
	},
	"game_section/option_dropdown_2":{
		"$use_button_mode":true,
		"$additional_controls":"world_section.world_difficulty_descriptions_panel"
	},
	"game_section/world_preferences_label":{
		"$font_type":"MinecraftTen",
		"$font_scale_factor":1.5,
		"$additional_controls":"settings_common.group_label_header_bar",
		"variables":[
			
		]
	},
	"game_section/option_dropdown_permissions":{
		"$use_button_mode":true,
		"$additional_controls":"world_section.world_permission_descriptions_panel"
	},
	"game_section/option_dropdown_3":{
		"$use_button_mode":true,
		"$additional_controls":"world_section.world_type_descriptions_panel"
	},
	"game_section/level_seed_selector_edu":{
		"$option_enabled_binding_name":"",
		"$option_place_holder_text":"selectWorld.seedInfo",
		"$additional_controls":"settings_common.option_dynamic_description_panel",
		"$option_desc":"hbui.CreateNewWorld.advanced.worldSeedDescription"
	},
	"game_section/level_seed_selector":{
		"$option_enabled_binding_name":"",
		"$option_place_holder_text":"selectWorld.seedInfo",
		"$additional_controls":"settings_common.option_dynamic_description_panel",
		"$option_desc":"hbui.CreateNewWorld.advanced.worldSeedDescription",
		"variables":[
			{
				"requires":"(not $is_world_create)",
				"$button_control":"world_section.copy_seed_tooltip_button",
				"$pressed_button_name":"button.show_copy_level_seed_tooltip"
			}
		]
	},
	"game_section/level_seed_selector_trial":{
		"$option_enabled_binding_name":"",
		"$option_place_holder_text":"selectWorld.seedInfo",
		"$additional_controls":"settings_common.option_dynamic_description_panel",
		"$option_desc":"hbui.CreateNewWorld.advanced.worldSeedDescription"
	},
	"game_section/server_sim_distance_slider":{
		"$additional_controls":"settings_common.option_dynamic_description_panel",
		"$option_dynamic_desc_label":"world_section.dynamic_sim_distance_description_panel",
		"$option_desc":"serverSimDistance"
	},
	"game_section/world_options_label":{
		"$font_type":"MinecraftTen",
		"$font_scale_factor":1.5,
		"$additional_controls":"settings_common.group_label_header_bar",
		"variables":[
			
		]
	},
	"game_section/respawn_radius":{
		"$additional_controls":"settings_common.option_dynamic_description_panel",
		"$option_desc":"hbui.CreateNewWorld.advanced.respawnRadiusDescription"
	},
	"game_section/experimental_toggles_label":{
		"$font_type":"MinecraftTen",
		"$font_scale_factor":1.5,
		"$additional_controls":"settings_common.group_label_header_bar"
	},
	"game_section/world_cheats_label":{
		"$font_type":"MinecraftTen",
		"$font_scale_factor":1.5,
		"$additional_controls":"settings_common.group_label_header_bar",
		"variables":[
			
		]
	},
	"game_section/random_tick_speed":{
		"$additional_controls":"settings_common.option_dynamic_description_panel",
		"$option_desc":"hbui.CreateNewWorld.cheats.tickSpeedDescription"
	},
	"game_section/world_management_label":{
		"ignored":"(not $is_pregame or not $is_world_edit)",
		"$font_scale_factor":1.5,
		"$additional_controls":"settings_common.group_label_header_bar"
	}
}