{
	// Ty-el Settings Overlay - by TLGM2308 // - // true is on, false is off //
	"$is_tyel_settings_overlay":false,
	// Only applies when installing the Ty-el Settings Overlay package! //
	
	// VanillaUI - by DVGYT // - // true is on, false is off //
	"$is_vanilla_ui":false,
	// The permissions for making packs can damage VanillaUI if this is used! //
	
	// Mods Settings // - // true is on, false is off //
	"$inventory_overlay_toggle":false,
	"$inventory_overlay":true,
	
	"$player_list_toggle":false,
	"$player_list":true,
	
	"$id_viewer":true,
	"$player_chunk":true,
	"$inventory_count":true,
	"$hide_hud_button":true,
	"$mainhand_viewer":true,
	"$stack_items_count":true,
	"$stack_the_compass":true,
	"$number_inventory_and_hotber":false,
	
	// Hud Screen //
	"$mob_effects_visible":true,
	"$vignette_rend_visible":true,
	"$bottom_chat_enable":false,
	
	// Pause Screen //
	"$player_list_in_pause_enable":false,
	
	// Inventory Screen //
	"$rarity_highlight_item":true, // show rare, special, epic items //
	"$hover_text_vanilla":true, // false will have translations for every country in the game, true will have no translations because Minecraft does not allow translation interference //

	// Quick Settings //
	"$quick_settings|default":false, // false is not displayed when pressing settings, true is displayed when pressing settings //
	"$quick_settings_anchor|default":"bottom_right", // Location of quick settings panel //
	"$quick_settings_size|default":[ // Size of quick settings panel //
		250,
		"100% - 30px"
	],
	"$quick_settings_offset|default":[ // Offset of quick settings panel //
		0,
		-26
	],
	
	// Inventory Overlay //
	"$inventory_overlay_anchor|default":"bottom_middle", // location of inventory overlay //
	"$inventory_overlay_alpha_hotbar|default":0.5, // Opacity/clarity of inventory overlay slot//
	"$inventory_overlay_texture_hotbar|default":"textures/ui/Black", // textures slot of inventory overlay //
	"$inventory_overlay_offset|default":[ // Offset of inventory overlay //
		0,
		0
	],
	
	// Compass Viewer //
	"$id_aux_recovery_compass|default":683, // ID only works in version 1.21.50 -> 1.21.51//
	// Leave item ID as 682 if not enable experiment mode when creating world //
	// Leave item ID as 683 for Minecraft version 1.21.50//
	// The 'experiment' mode here is the 'Bundle' section!! //
	// Please change item ID if recovery compass doesn't work due to high version //
	// You can know the item ID to change it but in higher versions you can see it using the item ID display //
	"$compass_viewer_anchor|default":"bottom_left", // location of compass_viewer //
	"$compass_viewer_alpha|default":0.5, // Opacity/clarity of compass viewer background //
	"$compass_viewer_texture_cell|default":"textures/ui/hud_tip_text_background", // textures cell of compass_viewer //
	"$compass_viewer_offset|default":[ // Offset of compass_viewer //
		2,
		-2
	],
	
	// Empty Slot In Inventory //
	"$empty_slot_anchor|default":"bottom_left", // location of inventory overlay //
	"$empty_slot_alpha_bg|default":0.5, // Opacity/clarity of empty slot in inventory background //
	"$empty_slot_texture_bg|default":"textures/ui/hud_tip_text_background", // textures background of empty slot in inventory //
	"$empty_slot_overlay_offset|default":[ // Offset of empty slot in inventory //
		2,
		-24
	],
	
	// Mainhand Viewer//
	"$mainhand_viewer_alpha|default":0.5, // Opacity/clarity of mainhand slot and durability viewer //
	"$mainhand_viewer_texture|default":"textures/ui/hud_tip_text_background", // textures background of mainhand slot and durability viewer //
	"$mainhand_viewer_offset|default":[ // Offset of mainhand slot and durability viewer //
		-2,
		-2
	],
	
	// ID Item Viewer//
	"$id_viewer_alpha|default":0.5, // Opacity/clarity of id aux and id item viewer //
	"$id_viewer_texture|default":"textures/ui/hud_tip_text_background", // textures background of id aux and id item viewer //
	"$id_viewer_offset|default":[ // Offset of id aux and id item viewer //
		-2,
		-22
	]
}