{
	"namespace":"add_external_server",
	"add_external_server_screen_content":{
		"modifications":[
			{
				"array_name":"controls",
				"operation":"insert_front",
				"value":[
					{
						"header@common_store.store_top_bar":{
							"anchor_from":"top_middle",
							"anchor_to":"top_middle",
							"$store_top_bar_size":[
								"100%",
								30
							],
							"controls":[
								{
									"left_close@common_store.back_content_panel":{
										"layer":201,
										"offset":[
											2,
											0
										],
										"size":[
											25,
											25
										],
										"anchor_from":"left_middle",
										"anchor_to":"left_middle"
									}
								},
								{
									"dialog_titles@common.horizontal_stack_panel":{
										"anchor_from":"left_middle",
										"anchor_to":"left_middle",
										"size":[
											"100%",
											"100%cm"
										],
										"offset":[
											26,
											0
										],
										"controls":[
											{
												"title@add_external_server.title_in_the_header":{
													"text":"externalServerScreen.header"
												}
											},
											{
												"title_padding":{
													"type":"label",
													"text":"/",
													"color":"$title_text_color",
													"font_type":"default",
													"font_scale_factor":2.3,
													"size":[
														"default",
														"default"
													]
												}
											},
											{
												"add_server@add_external_server.title_in_the_header":{
													"text":"externalServerScreen.addServer",
													"ignored":"$edit_mode"
												}
											},
											{
												"edit_server_info@add_external_server.title_in_the_header":{
													"text":"addServer.title",
													"ignored":"(not $edit_mode)"
												}
											}
										]
									}
								}
							]
						}
					}
				]
			}
		]
	},
	"title_in_the_header":{
		"type":"label",
		"anchor_from":"left_middle",
		"anchor_to":"left_middle",
		"font_scale_factor":2.3,
		"color":"$title_text_color",
		"layer":201,
		"size":[
			"default",
			"20px"
		]
	},
	"main_panel@common.empty_image":{
		"alpha":0.55,
		"anchor_to":"bottom_middle",
		"anchor_from":"bottom_middle",
		"texture":"textures/ui/hud_tip_text_background",
		"size":[
			"100%",
			"100% - 30px"
		],
		"controls":[
			{
				"content_text_box_panel@add_external_server.content_panel":{
					"anchor_from":"top_middle",
					"anchor_to":"top_middle",
					"size":[
						"100% - 40px",
						"100%c"
					],
					"offset":[
						0,
						5
					]
				}
			},
			{
				"stack_button@common.horizontal_stack_panel":{
					"layer":2,
					"anchor_from":"bottom_middle",
					"anchor_to":"bottom_middle",
					"size":[
						"100% - 40px",
						30
					],
					"offset":[
						0,
						-10
					],
					"controls":[
						{
							"left_button@common.empty_panel":{
								"size":[
									"fill",
									30
								],
								"controls":[
									{
										"play@add_external_server.play_button":{
											"size":[
												"100%",
												30
											]
										}
									},
									{
										"play_disabled@add_external_server.play_disabled_button":{
											"ignored":"$edit_mode",
											"layer":5,
											"size":[
												"100%",
												30
											]
										}
									},
									{
										"remove@add_external_server.remove_button":{
											"size":[
												"100%",
												30
											]
										}
									}
								]
							}
						},
						{
							"save@add_external_server.save_button":{
								"size":[
									"fill",
									30
								]
							}
						},
						{
							"save_disabled@add_external_server.save_disabled_button":{
								"layer":1,
								"size":[
									"fill",
									30
								]
							}
						}
					]
				}
			}
		]
	}
}