{
	"anvil_panel/root_panel/common_panel":{
		"size":[
			206,
			"default"
		]
	},
	"top_half_panel":{
		"size":[
			"100%",
			"50% - 12px"
		],
		"offset":[
			0,
			8
		]
	},
	"anvil_panel/root_panel":{
		"modifications":[
			{
				"array_name":"controls",
				"operation":"insert_front",
				"value":[
					{
						"container_button@crafting_new.button_stack":{
							"$offset_button_stack":[
								15,
								0
							],
							"$offset_item_convert":[
								-21,
								-80
							]
						}
					}
				]
			}
		]
	},
	"title_label@common.empty_panel":{
		
	},
	"anvil_panel":{
		"$double_press_action":"button.container_take_all_place_all",
		"$button_ref_controls":[
			{
				"slot_btn@crafting_new.slot_btn":{
					
				}
			}
		]
	},
	"top_half_panel":{
		"anchor_from":"top_middle",
		"anchor_to":"top_middle",
		"offset":[
			0,
			7
		]
	},
	"text_edit_panel":{
		"size":[
			"default",
			35
		],
		"modifications":[
			{
				"control_name":"text_edit_control",
				"operation":"replace",
				"value":[
					{
						"text_edit_control@anvil.multiline_text_edit_control":{
							
						}
					}
				]
			}
		]
	},
	"multiline_text_edit_control@common.multiline_text_edit_box":{
		"$text_edit_binding_name":"#text_box_item_name",
		"anchor_from":"left_middle",
		"anchor_to":"left_middle",
		"max_length":100,
		"$text_edit_box_label_size":[
			"default",
			30
		],
		"property_bag":{
			"#property_field":"#item_name"
		}
	}
}