{
	"brewing_stand_panel/root_panel":{
		"modifications":[
			{
				"array_name":"controls",
				"operation":"insert_front",
				"value":[
					{
						"container_button@crafting_new.button_stack":{
							
						}
					},
					{
						"brewing_fuel_ratio@hud_new.percentage":{
							"$percentage":"#brewing_fuel_ratio",
							"anchor_from":"center",
							"anchor_to":"right_middle",
							"$shadow":false,
							"layer":20,
							"$color":[
								0.8,
								0.567,
								0.0
							],
							"offset":[
								-35,
								-24.5
							]
						}
					},
					{
						"brewing_fuel_ratio_limit_to_20@hud_new.percentage":{
							"$property_percentage":"('§z' + ((#current_health / 100) * 20 / 100) + '/20')",
							"$percentage":"#brewing_fuel_ratio",
							"anchor_from":"center",
							"anchor_to":"left_middle",
							"$shadow":false,
							"layer":20,
							"$color":[
								0.8,
								0.567,
								0.0
							],
							"offset":[
								-60,
								-61
							]
						}
					},
					{
						"brewing_arrow_ratio@hud_new.percentage":{
							"$percentage":"#brewing_arrow_ratio",
							"anchor_from":"center",
							"anchor_to":"left_middle",
							"$shadow":false,
							"layer":20,
							"$color":"$title_text_color",
							"offset":[
								22,
								-56
							]
						}
					}
				]
			}
		]
	},
	"brewing_stand_panel":{
		"$double_press_action":"button.container_take_all_place_all",
		"$button_ref_controls":[
			{
				"slot_btn@crafting_new.slot_btn":{
					
				}
			}
		]
	}
}