{
	"namespace":"chat",
	"chat_bottom_panel":{
		"modifications":[
			{
				"control_name":"keyboard_button",
				"operation":"insert_before",
				"value":[
					{
						"copy_chat_toggle@chat_new.chat_copy_mode_toggle":{
							"bindings":[
								{
									"binding_name":"#chat_visible",
									"binding_name_override":"#visible"
								}
							]
						}
					}
				]
			},
			{
				"control_name":"text_box",
				"operation":"insert_before",
				"value":[
					{
						"chat_messenge@chat_new.message_button_stack":{
							
						}
					}
				]
			},
			{
				"control_name":"text_box",
				"operation":"insert_after",
				"value":[
					{
						"chat_autocomplete@chat_new.auto_complete_button_stack":{
							"bindings":[
								{
									"binding_name":"(not #chat_visible)",
									"binding_name_override":"#visible"
								}
							]
						}
					}
				]
			},
			{
				"control_name":"send_button",
				"operation":"insert_before",
				"value":[
					{
						"scroll_jump_to_bottom_button@chat.jump_to_bottom_scroll_button":{
							
						}
					},
					{
						"padding@common.empty_panel":{
							"size":[
								5,
								0
							],
							"bindings":[
								{
									"binding_type":"view",
									"source_control_name":"chat_copy_mode_toggle",
									"source_property_name":"#toggle_state",
									"target_property_name":"#visible"
								}
							]
						}
					},
					{
						"test_not_released@chat.test_not_released_panel":{
							
						}
					},
					{
						"chat_visibility_toggle@chat_new.chat_visibility_mode_toggle":{
							"bindings":[
								{
									"binding_name":"(not #chat_visible)",
									"binding_name_override":"#visible"
								}
							]
						}
					}
				]
			}
		]
	},
	"test_not_released_panel@common.empty_panel":{
		"size":[
			"100%c",
			27
		],
		"bindings":[
			{
				"binding_type":"view",
				"source_control_name":"chat_copy_mode_toggle",
				"source_property_name":"#toggle_state",
				"target_property_name":"#visible"
			}
		],
		"controls":[
			{
				"test_not_released_image@common.empty_image":{
					"texture":"textures/ui/hud_tip_text_background",
					"alpha":0.5,
					"size":[
						"100%cm + 8px",
						"100%cm + 8px"
					],
					"controls":[
						{
							"test_not_released":{
								"type":"label",
								"text":"This is a test version of copy text!",
								"size":[
									"default",
									10
								]
							}
						}
					]
				}
			}
		]
	},
	"chat_bottom_panel/keyboard_button":{
		"bindings":[
			{
				"binding_type":"view",
				"source_control_name":"chat_copy_mode_toggle",
				"source_property_name":"(not #toggle_state)",
				"target_property_name":"#visible"
			}
		]
	},
	"chat_bottom_panel/host_main_button":{
		"bindings":[
			{
				"binding_type":"view",
				"source_control_name":"chat_copy_mode_toggle",
				"source_property_name":"(not #toggle_state)",
				"target_property_name":"#visible"
			}
		]
	},
	"chat_bottom_panel/chat_settings":{
		"bindings":[
			{
				"binding_type":"view",
				"source_control_name":"chat_copy_mode_toggle",
				"source_property_name":"(not #toggle_state)",
				"target_property_name":"#visible"
			}
		]
	},
	"chat_bottom_panel/text_box":{
		"bindings":[
			{
				"binding_type":"view",
				"source_control_name":"chat_copy_mode_toggle",
				"source_property_name":"(not #toggle_state)",
				"target_property_name":"#visible"
			}
		]
	},
	"chat_bottom_panel/send_button":{
		"bindings":[
			{
				"binding_type":"view",
				"source_control_name":"chat_copy_mode_toggle",
				"source_property_name":"(not #toggle_state)",
				"target_property_name":"#visible"
			}
		]
	},
	"auto_complete_panel_contents_with_item":{
		"modifications":[
			{
				"array_name":"controls",
				"operation":"insert_front",
				"value":[
					{
						"item_id_and_aux@common.horizontal_stack_panel":{
							"anchor_from":"right_middle",
							"anchor_to":"right_middle",
							"size":[
								"100%c",
								"100%cm"
							],
							"controls":[
								{
									"id_and_aux":{
										"type":"label",
										"text":"#item_id_aux",
										"size":[
											"default",
											"default"
										],
										"font_scale_factor":"$chat_font_scale_factor",
										"bindings":[
											{
												"binding_name":"#auto_complete_item",
												"binding_type":"collection",
												"binding_collection_name":"auto_complete"
											},
											{
												"binding_type":"view",
												"source_property_name":"('§z' + ('§7' + #auto_complete_item + ' | ' + (#auto_complete_item / 65536)) - '§70 | 0'))",
												"target_property_name":"#item_id_aux"
											}
										]
									}
								}
							]
						}
					}
				]
			}
		]
	},
	"chat_header":{
		"$store_top_bar_size":[
			"100%",
			30
		],
		"modifications":[
			{
				"array_name":"controls",
				"operation":"insert_front",
				"value":[
					{
						"left_close@common_store.back_content_panel":{
							"layer":201,
							"offset":[
								2,
								0
							],
							"size":[
								25,
								25
							],
							"anchor_from":"left_middle",
							"anchor_to":"left_middle"
						}
					},
					{
						"title":{
							"type":"label",
							"text":"accessibility.chat.tts.textboxTitle",
							"anchor_from":"left_middle",
							"anchor_to":"left_middle",
							"font_scale_factor":2.3,
							"color":"$title_text_color",
							"layer":201,
							"size":[
								"default",
								"20px"
							],
							"max_size":[
								100,
								"100%"
							],
							"offset":[
								26,
								0
							]
						}
					},
					{
						"mute_all_chat_panel@common.empty_panel":{
							"anchor_from":"right_middle",
							"anchor_to":"right_middle",
							"size":[
								"100%cm",
								"100%"
							],
							"max_size":[
								"fill",
								"100%"
							],
							"offset":[
								-2,
								0
							],
							"controls":[
								{
									"toggle@settings_common.option_toggle":{
										"$option_binding_name":"#hide_chat",
										"$toggle_name":"hide_chat",
										"anchor_from":"left_middle",
										"anchor_to":"left_middle",
										"$option_label":"",
										"size":[
											"100%sm + 36px",
											30
										]
									}
								},
								{
									"label_panel":{
										"type":"panel",
										"anchor_from":"left_middle",
										"anchor_to":"left_middle",
										"size":[
											"100%c",
											"100%"
										],
										"offset":[
											36,
											1
										],
										"controls":[
											{
												"label":{
													"type":"label",
													"text":"chat.settings.muteAll",
													"text_alignment":"left",
													"color":"$title_text_color",
													"size":[
														"default",
														"default"
													],
													"max_size":[
														100,
														"100%"
													],
													"offset":[
														0,
														-2
													]
												}
											}
										]
									}
								}
							]
						}
					}
				]
			}
		]
	},
	"chat_header/title_panel/chat_header_content_area/coordinates_panel/coordinates_background_image":{
		"min_size":[
			120,
			12
		]
	},
	"chat_header/title_panel/chat_header_content_area/coordinates_panel/coordinates_background_image/coordinates_text":{
		"max_size":[
			300,
			10
		]
	},
	"chat_header/title_panel":{
		"modifications":[
			{
				"control_name":"back_button_content_panel",
				"operation":"remove"
			},
			{
				"control_name":"title",
				"operation":"remove"
			}
		]
	},
	"chat_header/title_panel/chat_header_content_area":{
		"modifications":[
			{
				"control_name":"coordinate_dropdown",
				"operation":"replace",
				"value":[
					{
						"coordinate_dropdown@chat.coordinate_dropdown":{
							"size":[
								100,
								16
							]
						}
					}
				]
			}
		]
	},
	"coordinate_dropdown":{
		"$radio_toggle_group":true,
		"$hover_texture":"textures/ui/button_borderless_light",
		"$pressed_texture":"textures/ui/button_borderless_lighthover",
		"$pressed_no_hover_texture":"textures/ui/button_borderless_lighthover",
		"$default_checked_text_color":"$light_toggle_default_text_color",
		"controls":[
			{
				"my_position@common_toggles.light_text_toggle":{
					"$toggle_name":"#coordinate_type_position",
					"$toggle_state_binding_name":"#coordinate_type_position",
					"$button_text":"chat.coordinateTypeFacing",
					"bindings":[
						{
							"binding_name":"#coordinate_type_facing",
							"binding_name_override":"#visible"
						}
					]
				}
			},
			{
				"block_position@common_toggles.light_text_toggle":{
					"$toggle_name":"#coordinate_type_facing",
					"$toggle_state_binding_name":"#coordinate_type_facing",
					"$button_text":"chat.coordinateTypePosition",
					"bindings":[
						{
							"binding_name":"#coordinate_type_position",
							"binding_name_override":"#visible"
						}
					]
				}
			}
		]
	},
	"jump_to_bottom_scroll_button@common.empty_panel":{
		"size":[
			27,
			27
		],
		"bindings":[
			{
				"binding_name":"#chat_visible",
				"binding_name_override":"#visible"
			}
		],
		"controls":[
			{
				"button@chat_new.button_pressed_name":{
					"$icon_button":"textures/ui/chat_down_arrow",
					"$pressed_button_name":"button.chat_scroll_jump_to_bottom",
					"size":[
						"100%",
						"100%"
					]
				}
			}
		]
	},
	"anim_jump_to_bottom":{
		"anim_type":"size",
		"easing":"out_expo",
		"duration":2,
		"reset_event":"button.chat_scroll_jump_to_bottom",
		"from":[
			0,
			0.1
		],
		"to":[
			0,
			0
		]
	},
	"messages_scrolling_panel":{
		"$scrolling_content":"chat.stack_panel_with_jump_to_bottoml",
		"$stack_panel_scroll":"chat.messages_stack_panel",
		"size":[
			"100%-2px",
			"100%-57px"
		]
	},
	"messages_stack_panel":{
		"factory":{
			"name":"messages_factory",
			"max_children_size":100,
			"control_ids":{
				"chat_screen_messages":"chat_screen_messages@chat_new.chat_message_content"
			}
		}
	},
	"messages_text":{
		"bindings":[
			{
				"binding_name":"#chat_visible"
			},
			{
				"binding_type":"view",
				"source_control_name":"chat_visibility_mode_toggle",
				"source_property_name":"#toggle_state",
				"target_property_name":"#chat_mode_state"
			},
			{
				"binding_type":"view",
				"source_property_name":"(#chat_visible or #chat_mode_state)",
				"target_property_name":"#visible"
			}
		]
	},
	"commands_panel":{
		"$scrolling_content":"chat.stack_panel_with_jump_to_bottoml",
		"$stack_panel_scroll":"chat.auto_complete_panel",
		"size":[
			"100%-2px",
			"100%-57px"
		],
		"bindings":[
			{
				"binding_name":"#chat_visible"
			},
			{
				"binding_type":"view",
				"source_control_name":"chat_visibility_mode_toggle",
				"source_property_name":"#toggle_state",
				"target_property_name":"#chat_mode_state"
			},
			{
				"binding_type":"view",
				"source_property_name":"(not (#chat_visible or #chat_mode_state))",
				"target_property_name":"#visible"
			}
		]
	},
	"auto_complete_panel_contents_with_item/autocomplete_button":{
		"bindings":[
			{
				"binding_type":"collection_details",
				"binding_collection_name":"auto_complete",
				"binding_condition":"always"
			},
			{
				"binding_type":"collection",
				"binding_name":"#auto_complete_text",
				"binding_collection_name":"auto_complete"
			},
			{
				"binding_type":"view",
				"source_property_name":"(#auto_complete_text - '/')",
				"target_property_name":"#filtered_command_text"
			},
			{
				"binding_type":"view",
				"source_control_name":"message_text_box_display_text",
				"source_property_name":"#item_name",
				"target_property_name":"#text_box_item"
			},
			{
				"binding_type":"view",
				"source_property_name":"((not (#auto_complete_text = '')) and ((#auto_complete_text - #text_box_item) = #filtered_command_text))",
				"target_property_name":"#visible"
			}
		]
	},
	"stack_panel_with_jump_to_bottoml@common.vertical_stack_panel":{
		"size":[
			"100%",
			"100%c"
		],
		"$scrolling_content_anchor_from":"bottom_left",
		"$scrolling_content_anchor_to":"bottom_left",
		"controls":[
			{
				"jump_to_bottom_panel@common.empty_panel":{
					"size":"@chat.anim_jump_to_bottom",
					"animation_reset_name":"button.chat_scroll_jump_to_bottom"
				}
			},
			{
				"stack_panel@$stack_panel_scroll":{
					"size":[
						"100%",
						"default"
					]
				}
			}
		]
	}
}