{
	"small_chest_panel/root_panel":{
		"$is_chest_screen|default":true,
		"modifications":[
			{
				"array_name":"controls",
				"operation":"insert_front",
				"value":[
					{
						"container_button@crafting_new.button_stack":{
							
						}
					}
				]
			}
		]
	},
	"small_chest_panel_top_half":{
		"modifications":[
			{
				"control_name":"chest_label",
				"operation":"replace",
				"value":[
					{
						"search_bar@chest.search_item_highlight_bar":{
							"offset":[
								7,
								-7
							]
						}
					}
				]
			}
		]
	},
	"large_chest_panel_top_half":{
		"modifications":[
			{
				"control_name":"chest_label",
				"operation":"replace",
				"value":[
					{
						"search_bar@chest.search_item_highlight_bar":{
							"offset":[
								7,
								-6
							]
						}
					}
				]
			}
		]
	},
	"small_chest_panel":{
		"$double_press_action":"button.container_take_all_place_all",
		"$button_ref_controls":[
			{
				"slot_btn@crafting_new.slot_btn":{
					
				}
			}
		]
	},
	"large_chest_panel/root_panel":{
		"$is_chest_screen|default":true,
		"modifications":[
			{
				"array_name":"controls",
				"operation":"insert_front",
				"value":[
					{
						"container_button@crafting_new.button_stack":{
							
						}
					}
				]
			}
		]
	},
	"large_chest_panel":{
		"$double_press_action":"button.container_take_all_place_all",
		"$button_ref_controls":[
			{
				"slot_btn@crafting_new.slot_btn":{
					
				}
			}
		]
	},
	"search_item_highlight_bar@common.text_edit_box":{
		"$text_edit_text_control":"search_item_highlight_slot",
		"$place_holder_text":"$container_title",
		"anchor_from":"top_left",
		"anchor_to":"top_left",
		"max_length":30,
		"layer":10,
		"size":[
			148,
			15
		]
	}
}