{
    "namespace": "persona",
	"emote_wheel_screen":{
		"$screen_bg_content": "background_close_button"
	},
	"background_close_button":{
		"type":"panel",
		"layer":-1,
		"size":[
			"100%",
			"100%"
		],
		"controls":[
			{
				"background":{
					"type":"image",
					"texture":"textures/ui/Black",
					"alpha":0.5,
					"size":[
						"100%",
						"100%"
					]
				}
			},
			{
				"bg_close@mob_effect.background_close_button":{
					
				}
			}
		]
	},
	"emote_wheel_screen_content":{
		"modifications":[
			{
				"control_name":"root_panel",
				"operation":"replace",
				"value":[
					{
						"root_panel":{
							"type":"panel",
							"size":[
								"100%",
								"55% + 35px"
							],
							"controls":[
								{
									"emote_wheel_panel@persona_common.emote_wheel_panel":{
										
									}
								}
							]
						}
					}
				]
			}
		]
	}
}