{
	"enchant_runes":{
		"text":"#hover_text",
		"font_type":"default",
		"shadow":true,
		"bindings":[
			{
				"binding_collection_name":"#enchant_buttons",
				"binding_name":"#hover_text",
				"binding_type":"collection"
			}
		]
	},
	"enchanting_panel/root_panel/common_panel":{
		"size":[
			206,
			"default"
		]
	},
	"enchanting_panel_top_half":{
		"size":[
			204,
			"50% - 12px"
		],
		"offset":[
			-18,
			8
		]
	},
	"enchanting_panel/root_panel":{
		"modifications":[
			{
				"array_name":"controls",
				"operation":"insert_front",
				"value":[
					{
						"exp_player@enchanting.bg_exp_player":{
							
						}
					},
					{
						"container_button@crafting_new.button_stack":{
							"$offset_button_stack":[
								15,
								0
							],
							"$offset_item_convert":[
								-21,
								-80
							]
						}
					}
				]
			}
		]
	},
	"enchanting_panel":{
		"$double_press_action":"button.container_take_all_place_all",
		"$button_ref_controls":[
			{
				"slot_btn@crafting_new.slot_btn":{
					
				}
			}
		]
	},
	"background_with_hover_text/hover_text":{
		"bindings":[
			{
				"binding_collection_name":"#enchant_buttons",
				"binding_name_override":"#hover_text_viewer",
				"binding_name":"#hover_text",
				"binding_type":"collection"
			},
			{
				"binding_collection_name":"#enchant_buttons",
				"binding_name_override":"#cost_viewer",
				"binding_name":"#cost",
				"binding_type":"collection"
			},
			{
				"binding_type":"view",
				"source_property_name":"(#hover_text_viewer + '§r§7\nExperience: ' + #cost_viewer)",
				"target_property_name":"#hover_text"
			}
		]
	},
	"bg_exp_player@common.empty_image":{
		"texture":"textures/ui/Black",
		"anchor_from":"left_middle",
		"anchor_to":"left_middle",
		"alpha":0.5,
		"layer":5,
		"size":[
			"100%c + 2px",
			"100%c"
		],
		"offset":[
			-5,
			-11
		],
		"controls":[
			{
				"label":{
					"type":"label",
					"text":"#text",
					"color":[
						0.5,
						1,
						0
					],
					"bindings":[
						{
							"binding_name_override":"#player_level_viewer",
							"binding_name":"#player_level_info"
						},
						{
							"binding_type":"view",
							"source_property_name":"('Lvl: ' + #player_level_viewer)",
							"target_property_name":"#text"
						}
					]
				}
			}
		]
	}
}