{
	"furnace_panel/root_panel":{
		"modifications":[
			{
				"array_name":"controls",
				"operation":"insert_front",
				"value":[
					{
						"container_button@crafting_new.button_stack":{
							
						}
					},
					{
						"furnace_flame_ratio@hud_new.percentage":{
							"$percentage":"#furnace_flame_ratio",
							"anchor_from":"center",
							"anchor_to":"right_middle",
							"$shadow":false,
							"layer":20,
							"$color":"$title_text_color",
							"offset":[
								-40,
								-39.5
							]
						}
					},
					{
						"furnace_arrow_ratio@hud_new.percentage":{
							"$percentage":"#furnace_arrow_ratio",
							"anchor_from":"center",
							"anchor_to":"left_middle",
							"$shadow":false,
							"layer":20,
							"$color":"$title_text_color",
							"offset":[
								0,
								-21
							]
						}
					}
				]
			}
		]
	},
	"furnace_panel":{
		"$double_press_action":"button.container_take_all_place_all",
		"$button_ref_controls":[
			{
				"slot_btn@crafting_new.slot_btn":{
					
				}
			}
		]
	}
}