{
	"namespace":"gameplay",
	"bundle_tooltip/wrapper/vertical_layout_stack/horisontal_layout_stack/body_stack/footer_panel/weight_bar":{
		"modifications":[
			{
				"control_name":"empty_message",
				"operation":"remove"
			},
			{
				"array_name":"controls",
				"operation":"insert_front",
				"value":[
					{
						"bundle_weight_bar_ratio@hud_new.percentage":{
							"$percentage":"#bundle_weight_bar_ratio",
							"$shadow":false,
							"layer":100,
							"bindings":[
								{
									"binding_name":"(not #is_selected_bundle_full)",
									"binding_name_override":"#visible"
								}
							]
						}
					}
				]
			}
		]
	}
}