{
	"namespace":"host_options",
	"sub_command_button_test":{
		"type":"panel",
		"size":[
			"100%",
			30
		],
		"controls":[
			{
				"time_to_test@main_dark_button":{
					"$pressed_button_name":"button.sub_command",
					"$sub_command|default":"",
					"$button_glyph_texture":"",
					"property_bag":{
						"#sub_command":"$sub_command"
					},
					"$button_label_offset":[
						2,
						0
					],
					"bindings":[
						{
							"binding_type":"collection",
							"binding_collection_name":"$grid_collection_name",
							"binding_name":"#sub_command"
						}
					]
				}
			}
		]
	},
	"stack_time_sub_command_button_test":{
		"type":"stack_panel",
		"orientation":"vertical",
		"size":[
			"100%",
			"100%c"
		],
		"controls":[
			{
				"1@sub_command_button_test":{
					"$sub_command":"18000",
					"$button_text":"18000 - 0:00"
				}
			},
			{
				"2@sub_command_button_test":{
					"$sub_command":"19000",
					"$button_text":"19000 - 1:00"
				}
			},
			{
				"3@sub_command_button_test":{
					"$sub_command":"20000",
					"$button_text":"20000 - 2:00"
				}
			},
			{
				"4@sub_command_button_test":{
					"$sub_command":"21000",
					"$button_text":"21000 - 3:00"
				}
			},
			{
				"5@sub_command_button_test":{
					"$sub_command":"22000",
					"$button_text":"22000 - 4:00"
				}
			},
			{
				"6@sub_command_button_test":{
					"$sub_command":"23000",
					"$button_text":"23000 - 5:00"
				}
			},
			{
				"7@sub_command_button_test":{
					"$sub_command":"0",
					"$button_text":"0 - 6:00"
				}
			},
			{
				"8@sub_command_button_test":{
					"$sub_command":"1000",
					"$button_text":"1000 - 7:00"
				}
			},
			{
				"9@sub_command_button_test":{
					"$sub_command":"2000",
					"$button_text":"2000 - 8:00"
				}
			},
			{
				"10@sub_command_button_test":{
					"$sub_command":"3000",
					"$button_text":"3000 - 9:00"
				}
			},
			{
				"11@sub_command_button_test":{
					"$sub_command":"4000",
					"$button_text":"4000 - 10:00"
				}
			},
			{
				"12@sub_command_button_test":{
					"$sub_command":"5000",
					"$button_text":"5000 - 11:00"
				}
			},
			{
				"13@sub_command_button_test":{
					"$sub_command":"6000",
					"$button_text":"6000 - 12:00"
				}
			},
			{
				"14@sub_command_button_test":{
					"$sub_command":"7000",
					"$button_text":"7000 - 13:00"
				}
			},
			{
				"15@sub_command_button_test":{
					"$sub_command":"8000",
					"$button_text":"8000 - 14:00"
				}
			},
			{
				"16@sub_command_button_test":{
					"$sub_command":"9000",
					"$button_text":"9000 - 15:00"
				}
			},
			{
				"17@sub_command_button_test":{
					"$sub_command":"10000",
					"$button_text":"10000 - 16:00"
				}
			},
			{
				"18@sub_command_button_test":{
					"$sub_command":"11000",
					"$button_text":"11000 - 17:00"
				}
			},
			{
				"19@sub_command_button_test":{
					"$sub_command":"12000",
					"$button_text":"12000 - 18:00"
				}
			},
			{
				"20@sub_command_button_test":{
					"$sub_command":"13000",
					"$button_text":"13000 - 19:00"
				}
			},
			{
				"21@sub_command_button_test":{
					"$sub_command":"14000",
					"$button_text":"14000 - 20:00"
				}
			},
			{
				"22@sub_command_button_test":{
					"$sub_command":"15000",
					"$button_text":"1500 - 21:00"
				}
			},
			{
				"23@sub_command_button_test":{
					"$sub_command":"16000",
					"$button_text":"16000 - 22:00"
				}
			},
			{
				"24@sub_command_button_test":{
					"$sub_command":"17000",
					"$button_text":"17000 - 23:00"
				}
			},
			{
				"info_the_test":{
					"type":"label",
					"text":"§o§7[+] Idea by @TLGM2308 (This is test, not release)",
					"size":[
						"100%",
						"default"
					],
					"max_size":[
						"100% - 2px",
						20
					]
				}
			}
		]
	},
	"stack_friend_sub_command_button_test@host_options.stack_time_sub_command_button_test":{
		"controls":[
			{
				"1@sub_command_button_test":{
					"$sub_command":"@a",
					"$button_text":"commands.autocomplete.a"
				}
			},
			{
				"2@sub_command_button_test":{
					"$sub_command":"@e",
					"$button_text":"commands.autocomplete.e"
				}
			},
			{
				"3@sub_command_button_test":{
					"$sub_command":"@p",
					"$button_text":"commands.autocomplete.p"
				}
			},
			{
				"4@sub_command_button_test":{
					"$sub_command":"@r",
					"$button_text":"commands.autocomplete.r"
				}
			}
		]
	},
	"stack_weather_sub_command_button_test@host_options.stack_friend_sub_command_button_test":{
		"controls":[
			{
				"1@sub_command_button_test":{
					"$sub_command":"query",
					"$button_text":"commands.weather.query"
				}
			}
		]
	},
	"host_friends_tab":{
		"type":"stack_panel",
		"modifications":[
			{
				"array_name":"controls",
				"operation":"insert_front",
				"value":[
					{
						"stack_friend_sub_command_button@host_options.stack_friend_sub_command_button_test":{
							
						}
					}
				]
			}
		]
	},
	"host_weather_buttons/sub_tab/host_main_grid":{
		"size":[
			"150px",
			"100%"
		]
	},
	"host_weather_buttons/sub_tab":{
		"type":"stack_panel",
		"orientation":"horizontal",
		"size":[
			"100%c",
			"90px"
		],
		"modifications":[
			{
				"array_name":"controls",
				"operation":"insert_back",
				"value":[
					{
						"padding@common.empty_panel":{
							"size":[
								3,
								"100%"
							]
						}
					},
					{
						"scrolli_scrolli_ravioli@scrolling_panel":{
							"$main_scrolling_content":"host_options.stack_weather_sub_command_button_test",
							"offset":"$offset_sub_tabs",
							"size":[
								"150px",
								"100%"
							]
						}
					}
				]
			}
		]
	},
	"host_time_buttons/sub_tab/scrolli_scrolli_ravioli":{
		"size":[
			"150px",
			"100%"
		]
	},
	"host_time_buttons/sub_tab":{
		"type":"stack_panel",
		"orientation":"horizontal",
		"size":[
			"100%c",
			"90px"
		],
		"modifications":[
			{
				"array_name":"controls",
				"operation":"insert_back",
				"value":[
					{
						"padding@common.empty_panel":{
							"size":[
								3,
								"100%"
							]
						}
					},
					{
						"scrolli_scrolli_ravioli2@scrolling_panel":{
							"$main_scrolling_content":"host_options.stack_time_sub_command_button_test",
							"anchor_from":"bottom_left",
							"anchor_to":"bottom_left",
							"offset":"$offset_sub_tabs",
							"size":[
								"150px",
								"100%"
							]
						}
					}
				]
			}
		]
	}
}