{
	"namespace":"how_to_play_common",
	"dynamic_dialog_screen":{
		"$screen_background_control":"common.empty_panel",
		"$screen_bg_content":"settings_common.setting_backgrond_content",
		"$header_safezone_control":"common_store.store_top_bar_filler",
		"$header_bar_control":"common_store.store_top_bar",
		"$is_full_screen_layout":true,
		"$store_top_bar_size":[
			"100%",
			30
		]
	},
	"screen_base":{
		"$dialog_content":"how_to_play_common.dialog_content"
	},
	"dialog_content":{
		"anchor_from":"bottom_middle",
		"anchor_to":"bottom_middle",
		"size":[
			"100%",
			"100% - 7px"
		]
	},
	"dialog_title_label":{
		"type":"label",
		"anchor_from":"top_left",
		"anchor_to":"top_left",
		"font_type":"default",
		"font_scale_factor":2.3,
		"color":"$title_text_color",
		"text":"menu.howToPlay"
	},
	"topic_category/category_text":{
		"font_type":"MinecraftTen",
		"font_scale_factor":1.3,
		"size":[
			"100%",
			"default"
		],
		"max_size":[
			"100%",
			"40px"
		],
		"offset":[
			2,
			0
		]
	},
	"dialog_titles@common.horizontal_stack_panel":{
		"anchor_from":"left_middle",
		"anchor_to":"left_middle",
		"size":[
			"100%",
			30
		],
		"offset":[
			0,
			3.5
		],
		"layer":201,
		"controls":[
			{
				"left_padding@common.empty_panel":{
					"size":[
						26,
						"100%"
					]
				}
			},
			{
				"how_to_play_title_section":{
					"type":"label",
					"text":"#section_title",
					"color":"$title_text_color",
					"anchor_from":"top_left",
					"anchor_to":"top_left",
					"font_type":"default",
					"font_scale_factor":2.3,
					"size":[
						"default",
						"default"
					],
					"max_size":[
						"100% - 30px",
						"20px"
					],
					"bindings":[
						{
							"binding_name":"#section_title"
						}
					]
				}
			}
		]
	},
	"how_to_play_content":{
		"modifications":[
			{
				"control_name":"header",
				"operation":"remove"
			},
			{
				"array_name":"controls",
				"operation":"insert_front",
				"value":[
					{
						"panel_header@common_store.store_top_bar":{
							"anchor_from":"top_middle",
							"anchor_to":"top_middle",
							"$store_top_bar_size":[
								"100%",
								30
							],
							"controls":[
								{
									"left_close@common_store.back_content_panel":{
										"layer":201,
										"offset":[
											2,
											0
										],
										"size":[
											25,
											25
										],
										"anchor_from":"left_middle",
										"anchor_to":"left_middle"
									}
								},
								{
									"dialog_titles@how_to_play_common.dialog_titles":{
										
									}
								}
							]
						}
					}
				]
			}
		]
	}
}