{
	"namespace":"hud",
	"hud_screen":{
		"$use_loading_bars":false,
		"$screen_animations":[
			
		],
		"render_only_when_topmost":false
	},
	"hud_content":{
		"modifications":[
			{
				"array_name":"controls",
				"operation":"insert_front",
				"value":[
					{
						"content@hud_new.main_part":{
							
						}
					},
					{
						"hide_hud_panel@hud_new.hide_hud_panel":{
							"visible":"$hide_hud_button"
						}
					}
				]
			}
		]
	},
	"exp_progress_bar_and_hotbar":{
		"modifications":[
			{
				"control_name":"item_text_factory",
				"operation":"replace",
				"value":[
					{
						"item_text_factory@hud.stack_item_name_text_and_inventory_overlay":{
							
						}
					}
				]
			}
		]
	},
	"stack_item_name_text_and_inventory_overlay":{
		"type":"stack_panel",
		"orientation":"vertical",
		"anchor_from":"bottom_middle",
		"anchor_to":"bottom_middle",
		"size":[
			144,
			"100%c"
		],
		"offset":[
			0,
			-16
		],
		"controls":[
			{
				"inventory_overlay@hud_new.inventory_overlay":{
					"visible":"$inventory_overlay"
				}
			},
			{
				"padding_creative@common.empty_panel":{
					"size":[
						0,
						13
					],
					"bindings":[
						{
							"binding_name":"#is_creative_mode",
							"binding_name_override":"#visible"
						}
					]
				}
			},
			{
				"padding_survival@common.empty_panel":{
					"size":[
						0,
						33
					],
					"bindings":[
						{
							"binding_name":"#show_survival_ui",
							"binding_name_override":"#visible"
						}
					]
				}
			},
			{
				"item_text_factory_panel@common.empty_panel":{
					"size":[
						"100%",
						"100%c"
					],
					"controls":[
						{
							"item_text_factory":{
								"type":"factory",
								"control_ids":{
									"item_text":"@hud.item_name_text",
									"jukebox_text":"@hud.jukebox_popup_text"
								},
								"size":[
									100,
									"100%c"
								]
							}
						}
					]
				}
			}
		]
	},
	"item_name_text":{
		"type":"stack_panel",
		"clips_children":true,
		"anims":[
			"@hud.item_name_text_size_in"
		],
		"size":[
			"100%c",
			"100%c"
		]
	},
	"anim_item_name_background_alpha_out":{
		"easing":"linear",
		"duration":2.1
	},
	"anim_item_name_text_alpha_out":{
		"easing":"linear",
		"duration":2.1
	},
	"anim_item_name_text_alpha_stay":{
		"duration":"$wait_duration"
	},
	"anim_item_name_background_alpha_stay":{
		"duration":"$wait_duration"
	},
	"item_name_text_size_in":{
		"destroy_at_end":"item_name_text",
		"next":"@hud.item_name_wait_text_size_in",
		"anim_type":"size",
		"easing":"out_cubic",
		"duration":0.5,
		"from":[
			"100%c",
			0
		],
		"to":[
			"100%c",
			"100%c"
		]
	},
	"item_name_wait_text_size_in":{
		"anim_type":"wait",
		"duration":"($wait_duration + 1)",
		"next":"@hud.item_name_text_size_out"
	},
	"item_name_text_size_out":{
		"destroy_at_end":"item_name_text",
		"anim_type":"size",
		"easing":"out_cubic",
		"duration":0.5,
		"from":[
			"100%c",
			"100%c"
		],
		"to":[
			"100%c",
			0
		]
	},
	"key_button@start_new.sidebar_button":{
		"$default_button_texture":"textures/ui/hud_tip_text_background",
		"$hover_button_texture":"textures/ui/hud_tip_text_background",
		"$pressed_button_texture":"textures/ui/hud_tip_text_background",
		"$pressed_state_border_visible":false,
		"$default_state_border_visible":false,
		"$hover_state_border_visible":false,
		"$default_pressed_alpha":0.8,
		"$default_button_alpha":0.5,
		"$default_hover_alpha":0.8,
		"prevent_touch_input":true,
		"$size_icon":[
			"100% - 3px",
			"100% - 3px"
		],
		"size":[
			20,
			20
		],
		"$color_icon":[
			1,
			1,
			1
		]
	},
	"hotbar_panel":{
		"prevent_touch_input":true,
		"modifications":[
			{
				"array_name":"controls",
				"operation":"insert_front",
				"value":[
					{
						"keyleft_panel":{
							"type":"panel",
							"size":[
								22,
								22
							],
							"controls":[
								{
									"keyleft_button@hud.key_button":{
										"$pressed_button_name":"button.hotbar_inventory_left",
										"$icon_button":"textures/ui/arrowLeft",
										"anchor_from":"left_middle",
										"anchor_to":"left_middle",
										"offset":[
											"100% - 21px",
											0
										],
										"$button_pressed_offset":[
											-3,
											0
										]
									}
								}
							]
						}
					}
				]
			},
			{
				"array_name":"controls",
				"operation":"insert_back",
				"value":[
					{
						"keyright_panel":{
							"type":"panel",
							"size":[
								22,
								22
							],
							"controls":[
								{
									"keyright_button@hud.key_button":{
										"$pressed_button_name":"button.hotbar_inventory_right",
										"$icon_button":"textures/ui/arrowRight",
										"anchor_from":"right_middle",
										"anchor_to":"right_middle",
										"offset":[
											"-100% + 21px",
											0
										],
										"$button_pressed_offset":[
											3,
											0
										]
									}
								}
							]
						}
					}
				]
			},
			{
				"control_name":"hotbar_elipses_panel_left",
				"operation":"replace",
				"value":[
					{
						"hide_hud_button@hud.hotbar_hide_hud_button":{
							"visible":"$hide_hud_button"
						}
					}
				]
			}
		]
	},
	"hotbar_hide_hud_button@hud.hotbar_elipses_panel_left_art":{
		"controls":[
			{
				"slot@hud.hotbar_slot_image":{
					"layer":2,
					"$hotbar_slot_image_size":"$hotbar_elipses_panel_left_art_size",
					"texture":"textures/ui/hotbar_0"
				}
			},
			{
				"hide_hud_button@hud_new.hide_hud_button":{
					
				}
			}
		]
	},
	"elipses_image":{
		"texture":"textures/ui/inventory_icon",
		"size":[
			16,
			16
		],
		"offset":[
			0,
			-1
		]
	},
	"root_panel/mob_effects_renderer":{
		"visible":"$mob_effects_visible"
	},
	"root_panel/vignette_rend":{
		"visible":"$vignette_rend_visible"
	},
	"root_panel/chat_stack":{
		"modifications":[
			{
				"control_name":"chat_panel",
				"operation":"replace",
				"value":[
					{
						"padding_the_off_paperdoll":{
							"type":"panel",
							"bindings":"$bindings",
							"$bindings|default":"",
							"size":"$size",
							"$size|default":[
								"100%",
								0
							],
							"variables":[
								{
									"requires":"$bottom_chat_enable",
									"$size":[
										"100%",
										50
									],
									"$bindings":[
										{
											"binding_name":"(not #paper_doll_visible)",
											"binding_name_override":"#visible"
										}
									]
								},
								{
									"requires":"(not $bottom_chat_enable)",
									"$bindings":[
										{
											"binding_name":"(not #paper_doll_visible)",
											"binding_name_override":"#visible"
										}
									]
								}
							]
						}
					},
					{
						"chat_panel":{
							"type":"panel",
							"size":[
								"100%",
								"50%"
							],
							"controls":[
								{
									"chat_panel@hud.chat_panel":{
										
									}
								}
							]
						}
					}
				]
			}
		]
	},
	"item_name_text_root/item_text_aligner":{
		"modifications":[
			{
				"control_name":"survival_buffer",
				"operation":"replace",
				"value":[
					{
						"survival_buffer@common.empty_panel":{
							"size":[
								0,
								17
							]
						}
					}
				]
			}
		]
	},
	"centered_gui_elements_at_bottom_middle":{
		"size":[
			210,
			50
		]
	},
	"centered_gui_elements_at_bottom_middle/heart_rend":{
		"offset":[
			1,
			-40
		]
	},
	"centered_gui_elements_at_bottom_middle/horse_heart_rend_0":{
		"anchor_from":"bottom_right",
		"anchor_to":"bottom_right",
		"offset":[
			-1,
			-50
		]
	},
	"centered_gui_elements_at_bottom_middle/horse_heart_rend_1":{
		"anchor_from":"bottom_right",
		"anchor_to":"bottom_right",
		"offset":[
			-1,
			-50
		]
	},
	"centered_gui_elements_at_bottom_middle/armor_rend":{
		"offset":[
			1,
			-40
		]
	},
	"centered_gui_elements_at_bottom_middle/hunger_rend":{
		"anchor_from":"bottom_right",
		"anchor_to":"bottom_right",
		"offset":[
			-1,
			-40
		]
	},
	"centered_gui_elements_at_bottom_middle/bubbles_rend_0":{
		"anchor_from":"bottom_right",
		"anchor_to":"bottom_right",
		"offset":[
			-1,
			-50
		]
	},
	"centered_gui_elements_at_bottom_middle/bubbles_rend_1":{
		"anchor_from":"bottom_right",
		"anchor_to":"bottom_right",
		"offset":[
			-1,
			-50
		]
	},
	"exp_progress_bar_and_hotbar_pocket":{
		"ignored":true
	},
	"exp_progress_bar_and_hotbar/resizing_hotbar_no_xp_bar":{
		"ignored":true
	},
	"exp_progress_bar_and_hotbar/resizing_xp_bar_with_hotbar":{
		"size":[
			"100%cm",
			5
		],
		"bindings":[
			{
				"binding_name":"#show_survival_ui"
			},
			{
				"binding_name":"#is_creative_mode"
			},
			{
				"binding_type":"view",
				"source_property_name":"(#show_survival_ui or #is_creative_mode)",
				"target_property_name":"#visible"
			}
		],
		"modifications":[
			{
				"array_name":"controls",
				"operation":"insert_back",
				"value":[
					{
						"xp_level@hud_new.xp_level":{
							"offset":[
								4,
								0
							],
							"anchor_from":"right_middle",
							"anchor_to":"left_middle"
						}
					},
					{
						"xp_percentage@hud_new.percentage":{
							"$percentage":"#exp_progress",
							"anchor_from":"center",
							"anchor_to":"center",
							"offset":[
								0,
								-10
							],
							"$color":[
								0.5,
								1,
								0
							]
						}
					}
				]
			}
		]
	},
	"exp_progress_bar_and_hotbar/resizing_xp_bar_with_hotbar/progress_text_label":{
		"anchor_from":"left_middle",
		"anchor_to":"right_middle",
		"offset":[
			-4,
			0
		]
	},
	"exp_progress_bar_and_hotbar/resizing_xp_bar_with_hotbar/empty_progress_bar/full_progress_bar/progress_bar_nub":{
		"max_size":[
			212,
			5
		]
	},
	"exp_progress_bar_and_hotbar_pocket/resizing_xp_bar_with_hotbar":{
		"modifications":[
			{
				"array_name":"bindings",
				"operation":"remove",
				"where":{
					"binding_name":"#show_survival_ui"
				}
			}
		]
	},
	"boss_health_panel":{
		"modifications":[
			{
				"array_name":"controls",
				"operation":"insert_front",
				"value":[
					{
						"bossbar_enderdragon_prime@hud_new.percentage":{
							"$property_percentage":"('§z' + ((#current_health * 2) / 100) + '/200')",
							"$property_visible_percentage":"((#bossName = 'Ender Dragon') or (#bossName = 'Rồng Ender'))",
							"$percentage":"#progress_percentage"
						}
					},
					{
						"bossbar_default@hud_new.percentage":{
							"$property_visible_percentage":"((#bossName = '') and (not ((#bossName = 'Ender Dragon') or (#bossName = 'Rồng Ender')))",
							"$percentage":"#progress_percentage"
						}
					}
				]
			}
		]
	},
	"player_position":{
		"alpha":0,
		"size":[
			"100%cm",
			"100%cm"
		],
		"bindings":[
			{
				"binding_name":"#player_position_visible",
				"binding_name_override":"#visible",
				"binding_condition":"always",
				"binding_type":"global"
			}
		],
		"controls":[
			{
				"stack":{
					"type":"stack_panel",
					"size":[
						"100%cm",
						"100%c"
					],
					"controls":[
						{
							"player_position_background":{
								"type":"image",
								"size":[
									"100%c + 6px",
									"100%c + 2px"
								],
								"texture":"textures/ui/Black",
								"alpha":0.7,
								"controls":[
									{
										"player_position_text":{
											"type":"label",
											"anchor_from":"bottom_middle",
											"anchor_to":"bottom_middle",
											"layer":1,
											"enable_profanity_filter":false,
											"color":"$chat_text_color",
											"text":"#text",
											"shadow":true,
											"bindings":[
												{
													"binding_name":"#player_position_text",
													"binding_condition":"always",
													"binding_type":"global"
												},
												{
													"binding_type":"view",
													"source_property_name":"(': ' + #player_position_text - ('%.1s' * #player_position_text + ': ') - ('%.2s' * #player_position_text + ': ') - ('%.3s' * #player_position_text + ': ') - ('%.4s' * #player_position_text + ': ') - ('%.5s' * #player_position_text + ': ') - ('%.6s' * #player_position_text + ': ') - ('%.7s' * #player_position_text + ': ') - ('%.8s' * #player_position_text + ': ') - ('%.9s' * #player_position_text + ': ') - ('%.10s' * #player_position_text + ': ') - ('%.11s' * #player_position_text + ': ') - ('%.12s' * #player_position_text + ': ') - ('%.13s' * #player_position_text + ': ') - ('%.14s' * #player_position_text + ': ') - ('%.15s' * #player_position_text + ': ') - ('%.16s' * #player_position_text + ': ') - ('%.17s' * #player_position_text + ': ') - ('%.18s' * #player_position_text + ': ') - ('%.19s' * #player_position_text + ': ') - ('%.20s' * #player_position_text + ': ') - ('%.21s' * #player_position_text + ': ') - ('%.22s' * #player_position_text + ': ') - ('%.23s' * #player_position_text + ': ') - ('%.24s' * #player_position_text + ': ') - ('%.25s' * #player_position_text + ': ') - ('%.26s' * #player_position_text + ': ') - ('%.27s' * #player_position_text + ': ') - ('%.28s' * #player_position_text + ': ') - ('%.29s' * #player_position_text + ': ') - ('%.30s' * #player_position_text + ': ') - ('%.31s' * #player_position_text + ': ') - ('%.32s' * #player_position_text + ': '))",
													"target_property_name":"#position_text"
												},
												{
													"binding_type":"view",
													"source_property_name":"(#position_text - ': ')",
													"target_property_name":"#coor_x"
												},
												{
													"binding_type":"view",
													"source_property_name":"(#position_text - (': ' + #coor_x + ', '))",
													"target_property_name":"#coor_y"
												},
												{
													"binding_type":"view",
													"source_property_name":"(#position_text - (': ' + #coor_x + ', ' + #coor_y + ', '))",
													"target_property_name":"#coor_z"
												},
												{
													"binding_type":"view",
													"source_property_name":"#player_position_text",
													"target_property_name":"#text"
												}
											]
										}
									}
								]
							}
						},
						{
							"player_chunk_background":{
								"type":"image",
								"visible":"$player_chunk",
								"size":[
									"100%c + 6px",
									"100%c + 2px"
								],
								"texture":"textures/ui/Black",
								"alpha":0.7,
								"controls":[
									{
										"player_chunk_text":{
											"type":"label",
											"anchor_from":"bottom_middle",
											"anchor_to":"bottom_middle",
											"layer":1,
											"enable_profanity_filter":false,
											"color":"$chat_text_color",
											"text":"#text",
											"shadow":true,
											"bindings":[
												{
													"binding_type":"view",
													"source_control_name":"player_position_text",
													"source_property_name":"#coor_x",
													"target_property_name":"#coor_x"
												},
												{
													"binding_type":"view",
													"source_control_name":"player_position_text",
													"source_property_name":"#coor_y",
													"target_property_name":"#coor_y"
												},
												{
													"binding_type":"view",
													"source_control_name":"player_position_text",
													"source_property_name":"#coor_z",
													"target_property_name":"#coor_z"
												},
												{
													"binding_type":"view",
													"source_property_name":"(#coor_x / 16 - (#coor_x < 0))",
													"target_property_name":"#chunk_coor_x"
												},
												{
													"binding_type":"view",
													"source_property_name":"(#coor_y / 16 - (#coor_y < 0))",
													"target_property_name":"#chunk_coor_y"
												},
												{
													"binding_type":"view",
													"source_property_name":"(#coor_z / 16 - (#coor_z < 0))",
													"target_property_name":"#chunk_coor_z"
												},
												{
													"binding_type":"view",
													"source_property_name":"(#coor_x - #chunk_coor_x * 16)",
													"target_property_name":"#in_chunk_coor_x"
												},
												{
													"binding_type":"view",
													"source_property_name":"(#coor_y - #chunk_coor_y * 16)",
													"target_property_name":"#in_chunk_coor_y"
												},
												{
													"binding_type":"view",
													"source_property_name":"(#coor_z - #chunk_coor_z * 16)",
													"target_property_name":"#in_chunk_coor_z"
												},
												{
													"binding_type":"view",
													"source_property_name":"('Chunk: ' + (#in_chunk_coor_x < 16) * #in_chunk_coor_x + ', ' + (#in_chunk_coor_y < 16) * #in_chunk_coor_y + ', ' + (#in_chunk_coor_z < 16) * #in_chunk_coor_z + ' in ' + #chunk_coor_x + ', ' + #chunk_coor_y + ', ' + #chunk_coor_z)",
													"target_property_name":"#text"
												}
											]
										}
									}
								]
							}
						}
					]
				}
			}
		]
	},
	"anim_chat_bg_offset_in":{
		"anim_type":"offset",
		"easing":"out_expo",
		"duration":0.6,
		"next":"@hud.anim_chat_bg_offset_wait_in",
		"from":[
			"-100%",
			0
		],
		"to":[
			0,
			0
		]
	},
	"anim_chat_bg_offset_wait_in":{
		"anim_type":"wait",
		"duration":"$chat_item_lifetime",
		"next":"@hud.anim_chats_bg_offset_in"
	},
	"anim_chats_bg_offset_in":{
		"anim_type":"offset",
		"easing":"out_expo",
		"duration":0.4,
		"next":"@hud.anim_chat_bg_offset_end",
		"from":[
			0,
			0
		],
		"to":[
			"-100%",
			0
		]
	},
	"anim_chat_bg_offset_end":{
		"anim_type":"wait",
		"duration":0.5,
		"destroy_at_end":"chat_grid_item"
	},
	"anim_chat_bg_offset_out":{
		"anim_type":"offset",
		"easing":"out_expo",
		"duration":0.4,
		"next":"@hud.anim_chat_bg_offset_wait_out",
		"from":[
			"-100%",
			0
		],
		"to":[
			0,
			0
		]
	},
	"anim_chat_bg_offset_wait_out":{
		"anim_type":"wait",
		"duration":"$chat_item_lifetime",
		"next":"@hud.anim_chats_bg_offset_out"
	},
	"anim_chats_bg_offset_out":{
		"anim_type":"offset",
		"easing":"in_expo",
		"duration":0.4,
		"from":[
			0,
			0
		],
		"to":[
			"-100%",
			0
		]
	},
	"anim_chat_alpha_in":{
		"anim_type":"alpha",
		"easing":"in_cubic",
		"duration":0.4,
		"from":0,
		"to":1,
		"next":"@hud.anim_chat_alpha_wait"
	},
	"anim_chat_alpha_wait":{
		"anim_type":"wait",
		"duration":"$chat_item_lifetime",
		"next":"@hud.anim_chat_alpha_out"
	},
	"anim_chat_alpha_out":{
		"anim_type":"alpha",
		"easing":"in_cubic",
		"duration":0.4,
		"from":1,
		"to":0
	},
	"anim_chat_stack":{
		"anim_type":"size",
		"easing":"out_expo",
		"duration":0.4,
		"from":[
			"100%",
			0
		],
		"to":[
			"100%",
			"100%c"
		]
	},
	"anim_chat_unstack_wait":{
		"anim_type":"wait",
		"duration":"$chat_item_lifetime",
		"next":"@hud.anim_chat_unstack_pre"
	},
	"anim_chat_unstack_pre":{
		"anim_type":"wait",
		"duration":1,
		"next":"@hud.anim_chat_unstack"
	},
	"anim_chat_unstack":{
		"anim_type":"size",
		"easing":"out_expo",
		"duration":0.4,
		"from":[
			"100%",
			"100%c"
		],
		"to":[
			"100%",
			0
		]
	},
	"anim_progress_chat_wait":{
		"anim_type":"wait",
		"duration":0.6,
		"next":"@hud.anim_progress_chat_out"
	},
	"anim_progress_chat_out":{
		"anim_type":"size",
		"duration":"($chat_item_lifetime + 0.8)",
		"easing":"linear",
		"from":[
			"100%",
			"100%"
		],
		"to":[
			0,
			"100%"
		]
	},
	"chat_label":{
		"anims":[
			"@hud.anim_chat_alpha_in"
		]
	},
	"chat_grid_item_work_in_to_the_hive@hud.chat_grid_item":{
		"anims":[
			"@hud.anim_chat_stack",
			"@hud.anim_chat_unstack_wait"
		],
		"controls":[
			{
				"chat_background":{
					"type":"image",
					"texture":"textures/ui/Black",
					"alpha":0.7,
					"size":[
						"100%",
						"100%c"
					],
					"offset":"@hud.anim_chat_bg_offset_out",
					"anims":[
						"@hud.anim_chat_bg_offset_in"
					],
					"controls":[
						{
							"chat_text@chat_label":{
								"anchor_from":"top_left",
								"anchor_to":"top_left",
								"offset":[
									2,
									0
								]
							}
						},
						{
							"progress_bar_time_message":{
								"type":"panel",
								"anchor_from":"bottom_left",
								"anchor_to":"bottom_left",
								"size":[
									"100%",
									0.5
								],
								"controls":[
									{
										"image_progress":{
											"type":"image",
											"size":"@hud.anim_progress_chat_wait",
											"texture":"textures/ui/White",
											"anchor_from":"bottom_left",
											"anchor_to":"bottom_left",
											"alpha":0.3,
											"layer":27,
											"fill":true
										}
									}
								]
							}
						}
					]
				}
			}
		]
	},
	"chat_panel/stack_panel":{
		"factory":{
			"name":"chat_item_factory",
			"max_children_size":10,
			"control_ids":{
				"chat_item":"chat_item@hud.chat_grid_item_work_in_to_the_hive"
			}
		}
	},
	"chat_panel":{
		"clips_children":"$bottom_chat_enable",
		"$bottom_anchor|default":"top_left",
		"anchor_from":"$bottom_anchor",
		"anchor_to":"$bottom_anchor",
		"max_size":[
			"100%",
			"100%"
		],
		"variables":[
			{
				"requires":"$bottom_chat_enable",
				"$bottom_anchor":"bottom_left"
			}
		]
	}
}