{
	"namespace":"crafting",
	"creative_no_coalesce_container_slot_button_take_mode":{
		"type":"button",
		"controls":[
			{
				"item_button_ref_default":{
					"type":"panel",
					"controls":[
						{
							"item_button_ref_default@$button_ref2":{
								
							}
						}
					]
				}
			},
			{
				"item_button_ref_take_all_place":{
					"type":"panel",
					"bindings":[
						{
							"binding_type":"view",
							"source_control_name":"quick_move",
							"source_property_name":"#toggle_state",
							"target_property_name":"#visible"
						}
					],
					"controls":[
						{
							"item_button_ref_default@$button_ref_take_all_place":{
								
							}
						}
					]
				}
			}
		]
	},
	"creative_no_coalesce_container_slot_button_take_all_place@crafting.inventory_container_item_slot_button_tmp":{
		"$button_container_item_mode":"button.recipe_tertiary"
	},
	"grid_item_for_recipe_book":{
		"$button_ref_take_all_place":"crafting.creative_no_coalesce_container_slot_button_take_all_place",
		"$button_ref":"crafting.creative_no_coalesce_container_slot_button_take_mode",
		"$button_ref2":"crafting.creative_no_coalesce_container_slot_button"
	},
	"inventory_container_item_slot_button_tmp@crafting.inventory_container_slot_button":{
		"button_mappings":[
			{
				"from_button_id":"button.menu_cancel",
				"to_button_id":"button.try_menu_exit",
				"mapping_type":"pressed"
			},
			{
				"from_button_id":"button.menu_select",
				"to_button_id":"$button_container_item_mode",
				"mapping_type":"pressed"
			},
			{
				"from_button_id":"button.menu_ok",
				"to_button_id":"$button_container_item_mode",
				"mapping_type":"pressed"
			},
			{
				"from_button_id":"button.menu_secondary_select",
				"to_button_id":"$button_container_item_mode",
				"mapping_type":"pressed"
			},
			{
				"from_button_id":"button.controller_select",
				"to_button_id":"$button_container_item_mode",
				"mapping_type":"pressed"
			},
			{
				"from_button_id":"button.controller_secondary_select",
				"to_button_id":"$button_container_item_mode",
				"mapping_type":"pressed"
			}
		]
	},
	"crafting_screen@crafting.inventory_screen_base":{
		"send_telemetry":false
	},
	"inventory_screen@crafting.inventory_screen_base":{
		"send_telemetry":false
	},
	"crafting_arrow":{
		"type":"panel",
		"controls":[
			{
				"quick_crafting_button@crafting.quick_crafting_button":{
					"size":[
						18,
						18
					]
				}
			}
		]
	},
	"crafting_arrow_large":{
		"type":"panel",
		"controls":[
			{
				"quick_crafting_button@crafting.quick_crafting_button":{
					"size":[
						25,
						25
					]
				}
			}
		]
	},
	"quick_crafting_button@crafting_new.temple_button_icon":{
		"$pressed_button_name":"button.crafting_output_tertiary",
		"$hover_button_texture":"textures/ui/crafting_ic",
		"$pressed_button_texture":"textures/ui/crafting_ic",
		"$default_button_texture":"textures/ui/crafting_ic",
		"$hover_text_toggle":"menu.quick_crafting",
		"$onDoubleClick":"button.container_auto_place",
		"$disableDoubleClick":false,
		"$disable_bindings":false,
		"property_bag":{
			"#collection_index":0,
			"#collection_name":"crafting_output_items"
		},
		"$button_image_color":"$title_text_color"
	},
	"crafting_panel_top_half":{
		"modifications":[
			{
				"array_name":"controls",
				"operation":"insert_front",
				"value":[
					{
						"total_count@crafting_new.total_item_can_be_crafting":{
							"anchor_from":"right_middle",
							"anchor_to":"right_middle",
							"offset":[
								-25,
								20
							]
				}
			},
			{
				"clear_crafting_button@pull_inventory.clear_crafting_button":{
							"anchor_from":"right_middle",
							"anchor_to":"right_middle",
					"offset":[
						-7,
						25
					]
				}
			}
				]
			}
		]
	},
	"survival_panel_top_half":{
		"modifications":[
			{
				"array_name":"controls",
				"operation":"insert_front",
				"value":[
					{
						"total_count@crafting_new.total_item_can_be_crafting":{
							"anchor_from":"right_middle",
							"anchor_to":"right_middle",
							"offset":[
								-6,
								10
							]
				}
			},
			{
				"clear_crafting_button@pull_inventory.clear_crafting_button":{
							"anchor_from":"right_middle",
							"anchor_to":"right_middle",
					"offset":[
						-6,
						25
					]
				}
			}
				]
			}
		]
	},
	"tab_content/tab_content_search_bar_panel/search_and_filter_panel/text_edit_control":{
		"$text_edit_text_control":"search_item_highlight_slot"
	},
	"player_inventory":{
		"$is_not_inventory":false,
		"$double_press_action":"button.container_take_all_place_all",
		"$button_ref_controls":[
			{
				"slot_btn@crafting_new.slot_btn":{
					
				}
			}
		],
		"modifications":[
			{
				"array_name":"controls",
				"operation":"insert_front",
				"value":[
					{
						"container_button@crafting_new.button_stack":{
							
						}
					}
				]
			}
		]
	},
	"recipe_inventory_screen_content":{
		"modifications":[
			{
				"array_name":"controls",
				"operation":"insert_front",
				"value":[
					{
						"crafting_input@crafting_new.crafting_input":{
							
						}
					},
					{
						"crafting_output_slot_0@crafting_new.inventory_item_amount":{
							"$collection_name":"crafting_output_items"
						}
					},
					{
						"armor_inventory@crafting.armor_inventory":{
							"bindings":[
								{
									"binding_type":"global",
									"binding_name":"(not #is_creative_layout)",
									"binding_name_override":"#visible"
								}
							]
						}
					},
					{
						"search_highlight_item@crafting.background_highlight_search_bar_in_inventory":{
							"bindings":[
								{
									"binding_type":"global",
									"binding_name":"#is_survival_layout",
									"binding_name_override":"#visible"
								}
							]
						}
					}
				]
			}
		]
	},
	"armor_inventory":{
		"type":"stack_panel",
		"orientation":"vertical",
		"$hotbar_collection_name":"armor_items",
		"collection_name":"armor_items",
		"anchor_from":"center",
		"anchor_to":"center",
		"layer":1,
		"offset":[
			-90,
			0
		],
		"size":[
			0,
			"100%c"
		],
		"controls":[
			{
				"head_item@item_is_armor_and_offhand":{
					"$idx":0
				}
			},
			{
				"chest_item@item_is_armor_and_offhand":{
					"$idx":1
				}
			},
			{
				"leg_item@item_is_armor_and_offhand":{
					"$idx":2
				}
			},
			{
				"feet_item@item_is_armor_and_offhand":{
					"$idx":3
				}
			},
			{
				"offhand_item@item_is_armor_and_offhand":{
					"$hotbar_collection_name":"offhand_items",
					"$idx":4
				}
			}
		]
	},
	"item_is_armor_and_offhand@common.empty_panel":{
		"$durability_bar_required|default":true,
		"$stack_count_required|default":true,
		"anchor_from":"right_middle",
		"anchor_to":"right_middle",
		"collection_index":"$idx",
		"size":[
			0,
			19
		],
		"bindings":[
			{
				"binding_name":"#item_id_aux",
				"binding_type":"collection",
				"binding_collection_name":"$hotbar_collection_name"
			},
			{
				"binding_type":"view",
				"source_property_name":"((#item_id_aux > 65536) or (#item_id_aux < -65536))",
				"target_property_name":"#visible"
			}
		],
		"controls":[
			{
				"background":{
					"type":"image",
					"texture":"$mainhand_viewer_texture",
					"alpha":"$mainhand_viewer_alpha",
					"anchor_from":"right_middle",
					"anchor_to":"right_middle",
					"layer":1,
					"size":[
						"100%c + 8px",
						18
					],
					"$offset_durability_and_count|default":[
						-20,
						0
					],
					"controls":[
						{
							"items_count1x@crafting.item_count1x":{
								
							}
						},
						{
							"items_count@crafting.item_count":{
								
							}
						},
						{
							"durability@hud_new.durability_item":{
								
							}
						},
						{
							"item_icon":{
								"type":"panel",
								"$stack_count_required|default":true,
								"anchor_from":"right_middle",
								"anchor_to":"right_middle",
								"size":[
									18,
									18
								],
								"offset":[
									-1,
									0
								],
								"controls":[
									{
										"item_icon@hud.hotbar_hud_item_icon":{
											"layer":2,
											"size":[
												"100% - 2px",
												"100% - 2px"
											]
										}
									},
									{
										"item_durability_bar@hud.item_durability":{
											"layer":3
										}
									}
								]
							}
						}
					]
				}
			}
		]
	},
	"item_count":{
		"type":"label",
		"text":"#stack_items_count",
		"anchor_from":"right_middle",
		"anchor_to":"right_middle",
		"layer":2,
		"offset":[
			-20,
			0
		],
		"bindings":[
			{
				"binding_type":"view",
				"source_property_name":"(not (#inventory_stack_count = 0))",
				"target_property_name":"#visible"
			},
			{
				"binding_name":"#inventory_stack_count",
				"binding_type":"collection",
				"binding_collection_name":"$hotbar_collection_name"
			},
			{
				"binding_type":"view",
				"source_property_name":"('§f§rx' + #inventory_stack_count)",
				"target_property_name":"#stack_items_count"
			}
		]
	},
	"item_count1x":{
		"type":"label",
		"text":"#stack_items_count",
		"anchor_from":"right_middle",
		"anchor_to":"right_middle",
		"layer":2,
		"offset":[
			-20,
			0
		],
		"bindings":[
			{
				"binding_type":"view",
				"source_property_name":"((#inventory_stack_count = 0) and (not (#item_durability_total_amount > 0)))",
				"target_property_name":"#visible"
			},
			{
				"binding_name":"#item_durability_total_amount",
				"binding_type":"collection",
				"binding_collection_name":"$hotbar_collection_name"
			},
			{
				"binding_name":"#inventory_stack_count",
				"binding_type":"collection",
				"binding_collection_name":"$hotbar_collection_name"
			},
			{
				"binding_type":"view",
				"source_property_name":"('§f§rx1' + ((#inventory_stack_count - #inventory_stack_count) - 0))",
				"target_property_name":"#stack_items_count"
			}
		]
	}
}