{
	"namespace":"mob_effect",
	"background_close_button@common.button":{
		"focus_enabled":false,
		"$pressed_button_name":"button.menu_exit",
		"layer":-1,
		"size":[
			"100%",
			"100%"
		],
		"controls":[
			{
				"default@common.empty_panel":{
					
				}
			}
		]
	},
	"effect_background":{
		"texture":"textures/ui/Black",
		"alpha":0.4
	},
	"effect_icon":{
		"anchor_from":"left_middle",
		"anchor_to":"left_middle",
		"size":[
			25,
			25
		],
		"offset":[
			1,
			0
		]
	},
	"effect_divider@common.empty_image":{
		"texture":"textures/ui/White",
		"anchor_from":"bottom_right",
		"anchor_to":"bottom_right",
		"size":[
			"100%",
			1
		]
	},
	"mob_effect_grid":{
		"size":[
			"100%",
			"default"
		],
		"offset":[
			0,
			0
		]
	},
	"mob_effect_grid_item":{
		"size":[
			"100%",
			30
		],
		"modifications":[
			{
				"array_name":"controls",
				"operation":"insert_back",
				"value":[
					{
						"effect_divider@mob_effect.effect_divider":{
							"layer":1
						}
					}
				]
			}
		]
	},
	"mob_effect_list_content_panel@common.scrolling_panel":{
		"$scrolling_content":"mob_effect.mob_effect_grid_panel",
		"$always_handle_scrolling":true,
		"$show_background":false,
		"anchor_from":"center",
		"anchor_to":"center",
		"size":[
			"100% - 2px",
			"100% - 2px"
		]
	},
	"mob_effect_count_items":{
		"type":"panel",
		"size":[
			"100%",
			20
		],
		"controls":[
			{
				"not_player_count":{
					"type":"label",
					"text":"#text",
					"bindings":[
						{
							"binding_type":"view",
							"source_property_name":"(#collection_index = 0)",
							"target_property_name":"#visible"
						},
						{
							"binding_type":"collection",
							"binding_collection_name":"mob_effects_collection",
							"binding_name":"#collection_index"
						},
						{
							"binding_type":"collection_details",
							"binding_collection_name":"mob_effects_collection"
						},
						{
							"binding_type":"view",
							"source_property_name":"('%craftingScreen.tab.search ' + '%key.mobEffects' + ': ' + (#collection_index + 1))",
							"target_property_name":"#text"
						}
					]
				}
			},
			{
				"player_count":{
					"type":"label",
					"text":"#text",
					"bindings":[
						{
							"binding_type":"view",
							"source_property_name":"(not (#collection_index = 0))",
							"target_property_name":"#visible"
						},
						{
							"binding_type":"collection",
							"binding_collection_name":"mob_effects_collection",
							"binding_name":"#collection_index"
						},
						{
							"binding_type":"collection_details",
							"binding_collection_name":"mob_effects_collection"
						},
						{
							"binding_type":"view",
							"source_property_name":"('%craftingScreen.tab.search ' + '%key.mobEffects' + ': ' + (#collection_index + 1))",
							"target_property_name":"#text"
						}
					]
				}
			}
		]
	},
	"mob_effect_content":{
		"modifications":[
			{
				"control_name":"bg",
				"operation":"remove"
			},
			{
				"control_name":"close_panel",
				"operation":"remove"
			},
			{
				"control_name":"content_panel",
				"operation":"remove"
			},
			{
				"array_name":"controls",
				"operation":"insert_front",
				"value":[
					{
						"background_close@mob_effect.background_close_button":{
							
						}
					},
					{
						"content_panel":{
							"type":"stack_panel",
							"orientation":"vertical",
							"anchor_from":"right_middle",
							"anchor_to":"right_middle",
							"size":[
								206,
								"100%"
							],
							"controls":[
								{
									"effect_count_background@common.empty_image":{
										"texture":"textures/ui/Black",
										"clips_children":true,
										"alpha":0.4,
										"size":[
											"100%",
											"20px"
										],
										"controls":[
											{
												"close_button@common.light_close_button":{
													"anchor_from":"right_middle",
													"anchor_to":"right_middle",
													"size":[
														18,
														18
													],
													"offset":[
														-2,
														0
													]
												}
											},
											{
												"count_grid":{
													"type":"grid",
													"grid_dimension_binding":"#mob_effect_grid_size",
													"grid_item_template":"mob_effect.mob_effect_count_items",
													"collection_name":"mob_effects_collection",
													"anchor_from":"bottom_middle",
													"anchor_to":"bottom_middle",
													"size":[
														"100%",
														"default"
													],
													"bindings":[
														{
															"binding_condition":"always",
															"binding_name":"#mob_effect_grid_size"
														}
													]
												}
											}
										]
									}
								},
								{
									"effect_background":{
										"type":"image",
										"texture":"textures/ui/Black",
										"alpha":0.4,
										"size":[
											"100%",
											"100% - 20px"
										],
										"controls":[
											{
												"scrolling@mob_effect.mob_effect_list_content_panel":{
													
												}
											}
										]
									}
								}
							]
						}
					}
				]
			}
		]
	},
	"mob_effect_screen":{
		"$screen_background_alpha":0.5
	}
}