{
	"namespace":"pause",
	"pause_screen_main_panels":{
		"bindings":[
			{
				"binding_type":"view",
				"source_control_name":"quit_the_world",
				"source_property_name":"(not #toggle_state)",
				"target_property_name":"#visible"
			}
		]
	},
	"pause_screen_main_panels/info_panel":{
		"bindings":[
			{
				"binding_type":"view",
				"source_control_name":"player_list_toggle",
				"source_property_name":"#toggle_state",
				"target_property_name":"#visible"
			}
		]
	},
	"player_list":{
		"modifications":[
			{
				"control_name":"players_label",
				"operation":"replace",
				"value":[
					{
						"players_label":{
							"type":"panel",
							"size":[
								"100%",
								10
							],
							"clips_children":true,
							"controls":[
								{
									"grid":{
										"type":"grid",
										"size":[
											"100%",
											"default"
										],
										"anchor_from":"bottom_left",
										"anchor_to":"bottom_left",
										"collection_name":"players_collection",
										"grid_dimension_binding":"#players_grid_dimension",
										"grid_item_template":"pause_new.player_count",
										"bindings":[
											{
												"binding_condition":"always",
												"binding_name":"#players_grid_dimension"
											}
										]
									}
								}
							]
						}
					}
				]
			}
		]
	},
	"pause_screen_content":{
		"modifications":[
			{
				"array_name":"controls",
				"operation":"insert_front",
				"value":[
					{
						"content@pause_new.content_panel":{
							
						}
					},
					{
						"save_and_quit_panel@pause_new.quit_and_save_the_world":{
							
						}
					}
				]
			}
		]
	},
	"menu_background/button_panel":{
		"modifications":[
			{
				"control_name":"quit_button",
				"operation":"replace",
				"value":[
					{
						"quit_button@pause_new.quit_toggle":{
							
						}
					}
				]
			}
		]
	},
	"the_icon_panel/stacked_column":{
		"modifications":[
			{
				"control_name":"feedback_btn",
				"operation":"insert_before",
				"value":[
					{
						"player_list_btn@pause.column_frame":{
							"size":[
								28,
								32
							],
							"controls":[
								{
									"player_list_button@pause_new.player_list_button":{
										
									}
								}
							]
						}
					},
					{
						"player_list_panel":{
							"type":"panel",
							"size":[
								"2%",
								0
							]
						}
					}
				]
			}
		]
	},
	"the_icon_panel/stacked_column/take_screenshot_btn":{
		"bindings":[
			
		]
	},
	"the_icon_panel/stacked_column/profile_btn":{
		"bindings":[
			
		]
	},
	"the_icon_panel/stacked_column/profile_btn_padding_right":{
		"bindings":[
			
		]
	},
	"the_icon_panel/stacked_column/profile_btn_padding_left":{
		"bindings":[
			
		]
	},
	"menu_button_control":{
		"alpha":0
	},
	"menu_background":{
		"alpha":0,
		"size":[
			195,
			0
		]
	}
}