{
	"namespace":"persona_common",
	"touch_name_label":{
		"anchor_from":"bottom_middle",
		"anchor_to":"bottom_middle",
		"bindings":[
			{
				"binding_name":"#emote_name_touch",
				"binding_name_override":"#emote_label",
				"binding_condition":"always"
			}
		]
	},
	"keyboard_hotkey_helpers/keyboard_1":{
		"offset":[
			0,
			0
		]
	},
	"keyboard_hotkey_helpers/keyboard_2":{
		"offset":[
			0,
			0
		]
	},
	"keyboard_hotkey_helpers/keyboard_3":{
		"offset":[
			0,
			0
		]
	},
	"keyboard_hotkey_helpers/keyboard_4":{
		"offset":[
			0,
			0
		]
	},
	"emote_wheel_panel":{
		"size":[
			"100%",
			"100%"
		],
		"modifications":[
			{
				"control_name":"emote_name",
				"operation":"remove"
			},
			{
				"control_name":"emote_wheel_content_panel",
				"operation":"remove"
			},
			{
				"array_name":"controls",
				"operation":"insert_front",
				"value":[
					{
						"new_emote_wheel":{
							"type":"image",
							"texture":"textures/ui/Black",
							"alpha":0.7,
							"size":[
								"80% - 2px",
								"58% - 2px"
							],
							"controls":[
								{
									"line":{
										"type":"image",
										"texture":"textures/ui/focus_border_white",
										"size":[
											"100% + 2px",
											"100% + 2px"
										]
									}
								},
								{
									"stack":{
										"type":"stack_panel",
										"orientation":"horizontal",
										"size":[
											"100%",
											"100%"
										],
										"controls":[
											{
												"emote_0@persona_common.custom_emote_button":{
													"$emote_slot_number":"1",
													"$emote_slot_index":0
												}
											},
											{
												"emote_1@persona_common.custom_emote_button":{
													"$emote_slot_number":"2",
													"$emote_slot_index":1
												}
											},
											{
												"emote_2@persona_common.custom_emote_button":{
													"$emote_slot_number":"3",
													"$emote_slot_index":2
												}
											},
											{
												"emote_3@persona_common.custom_emote_button":{
													"$emote_slot_number":"4",
													"$emote_slot_index":3
												}
											}
										]
									}
								}
							]
						}
					}
				]
			}
		]
	},
	"custom_emote_button":{
		"type":"panel",
		"size":[
			"fill",
			"100%"
		],
		"$emote_slot_index|default":"",
		"$emote_image_offset|default":[
			0,
			0
		],
		"$type_image_offset|default":[
			0,
			0
		],
		"controls":[
			{
				"emote_image_panel@persona_common.emote_image":{
					"size":[
						"65%",
						"65%"
					],
					"offset":"$emote_image_offset",
					"layer":7,
					"$property_bag":{
						"#index":"$emote_slot_index"
					},
					"offset":[
						0,
						-5
					]
				}
			},
			{
				"emote_label_controls":{
					"type":"label",
					"text":"$emote_slot_number",
					"anchor_from":"top_left",
					"anchor_to":"top_left",
					"layer":15,
					"offset":[
						3,
						3
					]
				}
			},
			{
				"button@settings_common.action_button":{
					"$border_visible":false,
					"$button_text":"",
					"$default_button_texture|default":"textures/none",
					"$hover_button_texture|default":"textures/ui/focus_border_white",
					"$pressed_button_texture|default":"textures/ui/focus_border_white",
					"$locked_button_texture|default":"textures/ui/focus_border_white",
					"$focus_override_right":"FOCUS_OVERRIDE_STOP",
					"layer":14,
					"property_bag":{
						"#hover_slice":"$emote_slot_index"
					},
					"size":[
						"100%",
						"100%"
					],
					"button_mappings":[
						{
							"from_button_id":"button.menu_select",
							"to_button_id":"button.emote_selected",
							"mapping_type":"pressed"
						},
						{
							"from_button_id":"button.menu_secondary_select",
							"to_button_id":"button.emote_selected",
							"mapping_type":"pressed"
						},
						{
							"from_button_id":"button.menu_ok",
							"to_button_id":"button.emote_selected",
							"mapping_type":"pressed"
						},
						{
							"from_button_id":"button.controller_select",
							"to_button_id":"button.emote_selected",
							"mapping_type":"pressed"
						},
						{
							"from_button_id":"button.controller_secondary_select",
							"to_button_id":"button.emote_selected",
							"mapping_type":"pressed"
						}
					]
				}
			},
			{
				"none_label@persona_common.touch_name_label":{
					"text":"dr.none_button_text",
					"font_scale_factor":0.8,
					"layer":28,
					"text_alignment":"center",
					"property_bag":{
						"#index":"$emote_slot_index"
					},
					"offset":[
						0,
						-5
					],
					"bindings":[
						{
							"binding_name":"(not #emote_is_valid)",
							"binding_name_override":"#visible",
							"binding_condition":"always"
						}
					]
				}
			},
			{
				"emote_label@persona_common.touch_name_label":{
					"font_scale_factor":0.8,
					"layer":28,
					"text_alignment":"center",
					"property_bag":{
						"#index":"$emote_slot_index"
					},
					"offset":[
						0,
						-5
					]
				}
			}
		]
	}
}