{
	"namespace":"persona",
	"popup_emote_wheel_dialog":{
		"modifications":[
			{
				"array_name":"controls",
				"operation":"insert_front",
				"value":[
					{
						"emote_popup_title@pause_new.world_name_panel":{
							"$binding_world_name":"#emote_popup_title"
						}
					},
					{
						"bg_close@common.close_button":{
							"controls":[
								
							],
							"size":[
								"100%",
								"100%"
							]
						}
					}
				]
			},
			{
				"control_name":"popup_background",
				"operation":"replace",
				"value":[
					{
						"popup_background":{
							"type":"panel",
							"size":[
								"100%",
								"55% + 35px"
							],
							"controls":[
								{
									"emote_wheel_panel@persona_common.emote_wheel_panel":{
										
									}
								}
							]
						}
					}
				]
			}
		]
	}
}