{
	"namespace":"play",
	"play_screen":{
		"$header_safezone_control":"common_store.store_top_bar_filler",
		"$header_bar_control":"common_store.store_top_bar",
		"$screen_bg_content":"common.empty_panel",
		"$is_full_screen_layout":true,
		"$store_top_bar_size":[
			"100%",
			25
		]
	},
	"trial_tab_content_panel_layout":{
		"ignored":true
	},
	"edu_tab_content_panel_layout":{
		"ignored":true
	},
	"play_screen_content@common.empty_panel":{
		"variables":[
			{
				"requires":"(not $education_edition and not $is_editor_mode_enabled and not $is_editor_playtest_roundtrip)",
				"$main_panel":"play.default_play_screen_panel"
			},
			{
				"requires":"($education_edition and not $is_editor_mode_enabled and not $is_editor_playtest_roundtrip)",
				"$main_panel":"play.edu_play_screen_panel"
			},
			{
				"requires":"((not $education_edition and $is_editor_mode_enabled) or $is_editor_playtest_roundtrip)",
				"$main_panel":"play.editor_play_screen_panel"
			}
		],
		"controls":[
			{
				"header_and_playscreen@common.vertical_stack_panel":{
					"size":[
						"100%",
						"100%"
					],
					"layer":8,
					"anchor_from":"right_middle",
					"anchor_to":"right_middle",
					"controls":[
						{
							"header@play.header_screen":{
								"anchor_from":"top_middle",
								"anchor_to":"top_middle",
								"size":[
									"100%",
									25
								]
							}
						},
						{
							"main_panel@common.empty_panel":{
								"size":[
									"100%",
									"100%"
								],
								"anchor_from":"top_middle",
								"anchor_to":"top_middle",
								"controls":[
									{
										"main_control@$main_panel":{
											"size":[
												"100%",
												"100%"
											]
										}
									}
								]
							}
						}
					]
				}
			},
			{
				"editor_text_panel@play.editor_text_panel":{
					"visible":"$is_editor_mode_enabled"
				}
			},
			{
				"popup_dialog_factory":{
					"type":"factory",
					"control_ids":{
						"join_by_code":"@play.popup_dialog_join_by_code",
						"high_ping_warning":"@play.popup_dialog_high_ping"
					}
				}
			}
		]
	},
	"tab_navigation_panel_layout@common.horizontal_stack_panel":{
		"anchor_to":"bottom_middle",
		"anchor_from":"bottom_middle",
		"size":[
			"100%",
			28
		],
		"offset":[
			0,
			-27
		],
		"controls":[
			{
				"navigation_tabs@common.empty_panel":{
					"size":[
						"fill",
						"100%"
					],
					"controls":[
						{
							"content@$navigation_tab":{
								"anchor_to":"top_left",
								"anchor_from":"top_left"
							}
						}
					]
				}
			}
		]
	},
	"top_tab@common_toggles.light_content_toggle":{
		"$toggle_tts_enabled_binding_type":"global",
		"$radio_toggle_group":true,
		"$toggle_name":"navigation_tab",
		"$toggle_group_default_selected":"$default_tab",
		"anchor_to":"top_left",
		"anchor_from":"top_left",
		"$toggle_tts_type_priority":1001,
		"$toggle_tts_toggle_on_text":"",
		"$toggle_tts_toggle_off_text":"",
		"$toggle_tts_index_priority":1002,
		"$toggle_view_binding_name":"$tab_view_binding_name",
		"$secondary_text_color":"$light_button_secondary_default_text_color"
	},
	"common_navigation_tab_content/padding_1":{
		"size":[
			8,
			"100%"
		]
	},
	"tab_text_stack_panel/text_section/text":{
		"font_type":"default",
		"font_scale_factor":1.2,
		"offset":[
			0,
			1
		]
	},
	"tab_text_stack_panel/count_section":{
		"type":"stack_panel",
		"orientation":"horizontal",
		"variables":[
			{
				"requires":"$pressed_state",
				"$count_background_image":"textures/ui/numberBGFront",
				"$count_text_color":"$light_button_secondary_pressed_text_color"
			},
			{
				"requires":"($hover_state or not $pressed_state)",
				"$count_background_image":"textures/ui/numberBGBack",
				"$count_text_color":"$light_button_hover_text_color"
			}
		],
		"modifications":[
			{
				"array_name":"controls",
				"operation":"insert_back",
				"value":[
					{
						"plus_sign":{
							"ignored":"(not ($tab_view_binding_name = 'friends_navigation_tab_toggle')",
							"type":"label",
							"text":" + ",
							"color":"$text_color",
							"bindings":[
								{
									"binding_name":"#realms_notification_button_visible",
									"binding_name_override":"#visible",
									"binding_type":"global"
								}
							]
						}
					},
					{
						"pad_right":{
							"type":"panel",
							"size":[
								2,
								0
							]
						}
					},
					{
						"invites_count@start.notification_button_text_panel":{
							"ignored":"(not ($tab_view_binding_name = 'friends_navigation_tab_toggle')",
							"bindings":[
								{
									"binding_name":"#realms_notification_button_visible",
									"binding_name_override":"#visible",
									"binding_type":"global"
								}
							]
						}
					}
				]
			}
		]
	},
	"common_navigation_tab_content":{
		"modifications":[
			{
				"control_name":"count_text",
				"operation":"replace",
				"value":[
					{
						"count_text@common.empty_panel":{
							"size":[
								"fill",
								"100%"
							],
							"controls":[
								{
									"count_text@play.tab_text_stack_panel":{
										"size":[
											"100%",
											"100%"
										],
										"offset":[
											0,
											-4.5
										]
									}
								}
							]
						}
					}
				]
			}
		]
	},
	"world_navigation_tab":{
		"$is_left_most_tab":false,
		"$button_content":"play.common_navigation_tab_content"
	},
	"friends_navigation_tab":{
		"$button_content":"play.common_navigation_tab_content"
	},
	"server_navigation_tab":{
		"$button_content":"play.common_navigation_tab_content"
	},
	"common_tab_content_panel_type@common.empty_panel":{
		"anchor_to":"top_middle",
		"anchor_from":"top_middle",
		"size":[
			"100%",
			"100% - 22px"
		],
		"offset":[
			0,
			-1
		]
	},
	"common_tab_content_panel@common.empty_panel":{
		"anchor_from":"top_middle",
		"anchor_to":"top_middle",
		"size":[
			"100%",
			"100%"
		],
		"controls":[
			{
				"scrolling_content@common.empty_panel":{
					"anchor_from":"top_middle",
					"anchor_to":"top_middle",
					"size":[
						"80%",
						"100% - 30px"
					],
					"layer":1,
					"controls":[
						{
							"content@$scroll_tab_content":{
								"layer":2,
								"anchor_from":"bottom_middle",
								"anchor_to":"bottom_middle",
								"size":[
									"100%",
									"100%"
								]
							}
						}
					]
				}
			}
		],
		"bindings":[
			{
				"binding_type":"view",
				"source_control_name":"$visible_bind_toggle_source_control",
				"source_property_name":"#toggle_state",
				"target_property_name":"#visible"
			}
		]
	},
	"header_screen@common.empty_panel":{
		"anchor_from":"top_middle",
		"anchor_to":"top_middle",
		"size":[
			"100%",
			25
		],
		"controls":[
			{
				"panel_header@common_store.store_top_bar":{
					"size":"$store_top_bar_size",
					"anchor_from":"top_middle",
					"anchor_to":"top_middle",
					"controls":[
						{
							"checkbox_show_world_folder_name@common.empty_panel":{
								"ignored":"(not ($win10_edition or $is_android or $is_ios))",
								"size":[
									150,
									24
								],
								"offset":[
									26,
									0
								],
								"layer":8,
								"anchor_from":"left_middle",
								"anchor_to":"left_middle",
								"controls":[
									{
										"show_world_folder_name_checkbox@common.checkbox":{
											"size":[
												"100%",
												24
											],
											"$toggle_name":"show_world_folder_name_checkbox",
											"controls":[
												{
													"description_stack_panel@common.horizontal_stack_panel":{
														"size":[
															"100%",
															"100%"
														],
														"anchor_from":"top_left",
														"anchor_to":"top_left",
														"controls":[
															{
																"checkbox_visuals@resource_packs.checkbox_visuals":{
																	"size":[
																		14,
																		"100%"
																	]
																}
															},
															{
																"padding@common.empty_panel":{
																	"size":[
																		2,
																		0
																	]
																}
															},
															{
																"label_buffer@common.empty_panel":{
																	"size":[
																		"fill",
																		"100%"
																	],
																	"controls":[
																		{
																			"label":{
																				"type":"label",
																				"size":[
																					"default",
																					"default"
																				],
																				"max_size":[
																					"100%",
																					20
																				],
																				"color":"$title_text_color",
																				"text":"folder.name_text",
																				"anchor_from":"left_middle",
																				"anchor_to":"left_middle"
																			}
																		}
																	]
																}
															},
															{
																"padding_right@common.empty_panel":{
																	"size":[
																		2,
																		0
																	]
																}
															}
														]
													}
												}
											]
										}
									}
								]
							}
						},
						{
							"left_close@common_store.back_content_panel":{
								"layer":1,
								"offset":[
									2,
									0
								],
								"size":[
									25,
									25
								],
								"anchor_from":"left_middle",
								"anchor_to":"left_middle"
							}
						},
						{
							"header_label":{
								"anchor_from":"center",
								"anchor_to":"center",
								"layer":1,
								"max_size":[
									"100%",
									10
								],
								"color":"$title_text_color",
								"font_type":"MinecraftTen",
								"text":"header.play_screen",
								"text_alignment":"center",
								"type":"label",
								"offset":[
									0,
									-2
								]
							}
						},
						{
							"stack_button@common.horizontal_stack_panel":{
								"size":[
									"100%c",
									20
								],
								"offset":[
									-5,
									-2
								],
								"layer":8,
								"anchor_from":"right_middle",
								"anchor_to":"right_middle",
								"controls":[
									{
										"world_search_bar@common.text_edit_box":{
											"size":[
												"113px",
												20
											],
											"$text_box_text_color":"$title_text_color",
											"max_length":50,
											"$place_holder_control":"play_new.search_text_box_place_holder_control",
											"$text_background_default":"common.edit_box_line",
											"$text_background_hover":"common.edit_box_linehover",
											"$place_holder_text":"textbox.place.holdertext.world",
											"$text_edit_text_control":"local_world_search"
										}
									},
									{
										"settings_button@common_buttons.icon_hover_text_button":{
											"$pressed_button_name":"button.editor_settings",
											"$hover_text_toggle":"menu.settings",
											"$focus_border_texture":"textures/none",
											"$button_text":"",
											"anchor_from":"center",
											"size":[
												20,
												20
											],
											"$button_image_color":"$title_text_color",
											"$hover_button_texture":"textures/ui/gear_ic",
											"$pressed_button_texture":"textures/ui/gear_ic",
											"$default_button_texture":"textures/ui/gear_ic"
										}
									},
									{
										"space1@common.empty_panel":{
											"size":[
												2,
												2
											]
										}
									},
									{
										"realms_invites_button@common_buttons.icon_hover_text_button":{
											"$pressed_button_name":"button.menu_invite_notification",
											"$hover_text_toggle":"realmsSettingsScreen.allowlist_invite",
											"$focus_border_texture":"textures/none",
											"$button_text":"",
											"anchor_from":"center",
											"size":[
												20,
												20
											],
											"$color_hover_text":[
												1,
												1,
												1
											],
											"$button_image_color":"$title_text_color",
											"anchor_to":"center",
											"$hover_button_texture":"textures/ui/invites_ic",
											"$pressed_button_texture":"textures/ui/invites_ic",
											"$default_button_texture":"textures/ui/invites_ic"
										}
									},
									{
										"space2@common.empty_panel":{
											"size":[
												2,
												2
											]
										}
									},
									{
										"cloud_upload_button@common_toggles.icon_hover_text_toggle":{
											"$hover_text_toggle":"accessibility.play.uploadWorld",
											"$toggle_view_binding_name":"upload_world_mode_toggle",
											"$button_icon":"textures/ui/cloud_ic",
											"$default_toggle":"textures/none",
											"$press_toggle":"textures/none",
											"$extra_content":"play.hover_text_toggle",
											"$image_color":"$title_text_color",
											"layer":1,
											"$button_icon_size":[
												16,
												16
											],
											"$color_hover_text":[
												1,
												1,
												1
											],
											"size":[
												20,
												20
											]
										}
									},
									{
										"space3@common.empty_panel":{
											"size":[
												2,
												2
											]
										}
									},
									{
										"edit_button@common_toggles.icon_hover_text_toggle":{
											"$hover_text_toggle":"accessibility.play.editWorld",
											"$toggle_view_binding_name":"edit_mode_toggle",
											"$button_icon":"textures/ui/edit_ic",
											"$default_toggle":"textures/none",
											"$press_toggle":"textures/none",
											"$extra_content":"play.hover_text_toggle",
											"$image_color":"$title_text_color",
											"layer":1,
											"$button_icon_size":[
												16,
												16
											],
											"size":[
												20,
												20
											]
										}
									}
								]
							}
						}
					]
				}
			}
		]
	},
	"hover_text_toggle@common.empty_image":{
		"ignored":"(not $hover)",
		"texture":"textures/ui/purpleBorder",
		"size":[
			"100%c + 12px",
			"100%c + 6px"
		],
		"$anchor_from|default":"right_middle",
		"$anchor_to|default":"right_middle",
		"anchor_from":"$anchor_from",
		"anchor_to":"$anchor_to",
		"layer":100,
		"offset":"$offset_hover_text",
		"$offset_hover_text|default":[
			-5,
			"100% + 2px"
		],
		"controls":[
			{
				"label":{
					"type":"label",
					"text":"$hover_text_toggle",
					"text_alignment":"center",
					"font_type":"default",
					"layer":101
				}
			}
		]
	},
	"edu_tab_navigation_panel_layout":{
		"type":"panel",
		"anchor_to":"top_middle",
		"anchor_from":"top_middle",
		"size":[
			"100%",
			"100%"
		],
		"ttsSectionContainer":true,
		"controls":[
			{
				"tab_navigation_panel_layout@common.horizontal_stack_panel":{
					"anchor_to":"top_middle",
					"anchor_from":"top_middle",
					"size":[
						"80% + 2px",
						"100%"
					],
					"ttsSectionContainer":true,
					"controls":[
						{
							"world_navigation_tab@play.world_navigation_tab":{
								"size":[
									"33%",
									"100%"
								]
							}
						},
						{
							"friends_navigation_tab@play.friends_navigation_tab":{
								"size":[
									"33%",
									"100%"
								]
							}
						},
						{
							"server_navigation_tab@play.server_navigation_tab":{
								"size":[
									"fill",
									"100%"
								]
							}
						}
					]
				}
			}
		]
	},
	"default_tab_navigation_panel_layout":{
		"type":"panel",
		"anchor_to":"top_middle",
		"anchor_from":"top_middle",
		"size":[
			"100%",
			"100%"
		],
		"ttsSectionContainer":true,
		"controls":[
			{
				"tab_navigation_panel_layout@common.horizontal_stack_panel":{
					"anchor_to":"top_middle",
					"anchor_from":"top_middle",
					"size":[
						"80% + 2px",
						"100%"
					],
					"ttsSectionContainer":true,
					"controls":[
						{
							"world_navigation_tab@play.world_navigation_tab":{
								"size":[
									"33%",
									"100%"
								]
							}
						},
						{
							"friends_navigation_tab@play.friends_navigation_tab":{
								"size":[
									"33%",
									"100%"
								]
							}
						},
						{
							"server_navigation_tab@play.server_navigation_tab":{
								"size":[
									"fill",
									"100%"
								]
							}
						}
					]
				}
			}
		]
	},
	"local_world_text_panel/text_indent/top_side":{
		"size":[
			"100% - 3px",
			"100%cm"
		],
		"anchor_from":"left_middle",
		"anchor_to":"bottom_left",
		"offset":[
			1,
			0
		]
	},
	"local_world_text_panel/text_indent/bottom_side":{
		"size":[
			"100%",
			"100%cm"
		],
		"anchor_from":"left_middle",
		"anchor_to":"top_left",
		"modifications":[
			{
				"control_name":"local_world_filesize",
				"operation":"insert_before",
				"value":[
					{
						"local_world_folder_name@play_new.local_world_folder_name":{
							"size":[
								"default",
								10
							],
							"max_size":[
								"40%",
								10
							],
							"layer":1
						}
					},
					{
						"local_world_folder_name_undefined@play_new.local_world_folder_name_undefined":{
							"size":[
								"default",
								10
							],
							"max_size":[
								"40%",
								10
							],
							"layer":1
						}
					},
					{
						"local_world_folder_name_unknown@play_new.local_world_folder_name_unknown":{
							"size":[
								"default",
								10
							],
							"layer":1
						}
					},
					{
						"local_world_folder_name_hyphen@play_new.local_world_folder_name_hyphen":{
							"size":[
								"default",
								10
							],
							"layer":1
						}
					}
				]
			}
		]
	},
	"realms_world_item":{
		"modifications":[
			{
				"array_name":"controls",
				"operation":"insert_front",
				"value":[
					{
						"cloud@play.cloud_upload_button":{
							"size":[
								30,
								30
							],
							"bindings":[
								{
									"binding_type":"view",
									"source_control_name":"upload_world_mode_toggle",
									"source_property_name":"#toggle_state",
									"target_property_name":"#visible"
								}
							]
						}
					},
					{
						"edit@play.local_world_edit_button":{
							"size":[
								30,
								30
							],
							"bindings":[
								{
									"binding_type":"view",
									"source_control_name":"edit_mode_toggle",
									"source_property_name":"#toggle_state",
									"target_property_name":"#visible"
								}
							]
						}
					}
				]
			}
		]
	},
	"network_server_world_edit_button":{
		"bindings":[
			{
				"binding_type":"collection_details",
				"binding_collection_name":"$collection_name"
			},
			{
				"binding_type":"view",
				"source_control_name":"edit_mode_toggle",
				"source_property_name":"#toggle_state",
				"target_property_name":"#visible"
			}
		]
	},
	"realms_world_edit_button":{
		"bindings":[
			{
				"binding_type":"collection_details",
				"binding_collection_name":"$realms_worlds_collection_name"
			},
			{
				"binding_type":"view",
				"source_control_name":"edit_mode_toggle",
				"source_property_name":"#toggle_state",
				"target_property_name":"#visible"
			}
		]
	},
	"cloud_upload_button@common_buttons.dark_glyph_button":{
		"size":[
			"100%y - 1px",
			"100%"
		],
		"$pressed_button_name":"button.cloud_upload",
		"$button_content":"play.upload_icon",
		"$button_tts_header":"accessibility.play.uploadWorld",
		"layer":2,
		"bindings":[
			{
				"binding_type":"collection_details",
				"binding_collection_name":"local_worlds"
			},
			{
				"binding_type":"view",
				"source_control_name":"upload_world_mode_toggle",
				"source_property_name":"#toggle_state",
				"target_property_name":"#visible"
			}
		]
	},
	"cloud_upload_and_edit_world_stack_panel@common.horizontal_stack_panel":{
		"size":[
			"100%c - 2px",
			"100%"
		],
		"controls":[
			{
				"cloud@play.cloud_upload_button":{
					
				}
			},
			{
				"edit@play.local_world_edit_button":{
					
				}
			}
		]
	},
	"local_world_edit_button":{
		"bindings":[
			{
				"binding_type":"collection_details",
				"binding_collection_name":"local_worlds"
			},
			{
				"binding_type":"view",
				"source_control_name":"edit_mode_toggle",
				"source_property_name":"#toggle_state",
				"target_property_name":"#visible"
			}
		]
	},
	"leave_friends_realm_button":{
		"modifications":[
			{
				"array_name":"bindings",
				"operation":"insert_back",
				"value":[
					{
						"binding_type":"view",
						"source_control_name":"edit_mode_toggle",
						"source_property_name":"#toggle_state",
						"target_property_name":"#visible"
					}
				]
			}
		]
	},
	"ping_rate_panel/concurrency_stack/player_count":{
		"text":"#text",
		"bindings":[
			{
				"binding_type":"collection",
				"binding_name":"#server_player_count",
				"binding_name_override":"#c",
				"binding_collection_name":"$collection_name"
			},
			{
				"binding_type":"view",
				"source_property_name":"(('r' + #c) - ('r' + '%.1s' * #c + '/') - ('r' + '%.2s' * #c + '/') - ('r' + '%.3s' * #c + '/') - ('r' + '%.4s' * #c + '/') - ('r' + '%.5s' * #c + '/') - ('r' + '%.6s' * #c + '/') - ('r' + '%.7s' * #c + '/') - ('r' + '%.8s' * #c + '/') - ('r' + '%.9s' * #c + '/') - ('r' + '%.10s' * #c + '/') - 'r')",
				"target_property_name":"#max_c"
			},
			{
				"binding_type":"view",
				"source_property_name":"(#c + 'r' - ('/' + #max_c + 'r'))",
				"target_property_name":"#cur_c"
			},
			{
				"binding_type":"view",
				"source_property_name":"(('§z' + #cur_c - 'r/' - 'r')",
				"target_property_name":"#text"
			}
		]
	},
	"ping_rate_panel/concurrency_stack":{
		"$use_player_online_icon_no_dot_style|default":false,
		"bindings":[
			{
				"binding_type":"collection",
				"binding_name":"(#is_network_available_and_ping_not_loading)",
				"binding_name_override":"#visible",
				"binding_collection_name":"$collection_name"
			}
		],
		"modifications":[
			{
				"control_name":"ping_rate_icon",
				"operation":"replace",
				"value":[
					{
						"ping_rate_icon@common.empty_panel":{
							"size":[
								8,
								10
							],
							"controls":[
								{
									"ping_rate_icon@play.ping_rate_icon":{
										"offset":[
											0,
											-1
										]
									}
								}
							]
						}
					}
				]
			},
			{
				"array_name":"controls",
				"operation":"insert_front",
				"value":[
					{
						"player_online_icon_panel@common.empty_panel":{
							"size":[
								"100%cm + 2px",
								10
							],
							"bindings":[
								{
									"binding_type":"collection",
									"binding_name":"#server_player_count",
									"binding_collection_name":"$collection_name"
								},
								{
									"binding_type":"view",
									"source_property_name":"(not #server_player_count = '')",
									"target_property_name":"#visible"
								}
							],
							"controls":[
								{
									"player_online_glyph@common.empty_image":{
										"ignored":"$use_player_online_icon_no_dot_style",
										"texture":"textures/ui/player_online",
										"color":"$text_color",
										"size":[
											12,
											12
										],
										"offset":[
											-2,
											-3
										]
									}
								},
								{
									"player_online_green_dot@common.empty_image":{
										"ignored":"$use_player_online_icon_no_dot_style",
										"texture":"textures/ui/player_online",
										"size":[
											12,
											12
										],
										"offset":[
											-2,
											-3
										]
									}
								},
								{
									"player_online_glyph_no_dot@common.empty_image":{
										"ignored":"(not $use_player_online_icon_no_dot_style)",
										"texture":"textures/ui/player_offline",
										"color":"$text_color",
										"size":[
											8,
											12
										],
										"offset":[
											-2,
											-3
										]
									}
								}
							]
						}
					}
				]
			}
		]
	},
	"ping_rate_panel":{
		"size":[
			"100%c",
			"100%c"
		]
	},
	"network_world_header/header_panel":{
		"size":[
			"fill",
			"100%"
		]
	},
	"network_world_header/header_panel/network_world_header_text":{
		"size":[
			"100%",
			10
		]
	},
	"network_world_header":{
		"$ignore_ping_rate_panel|default":true,
		"modifications":[
			{
				"array_name":"controls",
				"operation":"insert_back",
				"value":[
					{
						"ping_rate_panel@common.empty_panel":{
							"size":[
								"100%c",
								"100%"
							],
							"ignored":"$ignore_ping_rate_panel",
							"controls":[
								{
									"ping_rate_panel@play.ping_rate_panel":{
										"anchor_from":"top_right",
										"anchor_to":"top_right",
										"offset":[
											0,
											2
										]
									}
								}
							]
						}
					}
				]
			}
		]
	},
	"network_world_details_panel@common.horizontal_stack_panel":{
		"size":[
			"100%",
			10
		],
		"anchor_from":"bottom_left",
		"anchor_to":"bottom_left",
		"$ignore_details_icons_panel|default":true,
		"controls":[
			{
				"network_world_details@play.network_world_details":{
					"size":[
						"fill",
						10
					]
				}
			},
			{
				"padding":{
					"ignored":"$ignore_details_icons_panel",
					"type":"panel",
					"size":[
						2,
						0
					]
				}
			},
			{
				"network_world_details_icons_panel@tyel_play_common.network_world_details_icons_panel":{
					"ignored":"$ignore_details_icons_panel"
				}
			}
		]
	},
	"network_world_text_panel":{
		"modifications":[
			{
				"control_name":"network_world_details",
				"operation":"replace",
				"value":[
					{
						"network_world_details@play.network_world_details_panel":{
							
						}
					}
				]
			}
		]
	},
	"more_servers_grid":{
		"$ignore_ping_rate_panel":false,
		"$ignore_details_icons_panel":false
	},
	"more_servers_world_item":{
		"size":"$world_item_panel_size",
		"$use_play_screen_compact_layout|default":true,
		"$world_item_panel_size|default":[
			"100%",
			30
		],
		"$server_item_button_size|default":[
			"fill",
			30
		],
		"$server_edit_button_size|default":[
			"100%y",
			30
		],
		"variables":[
			{
				"requires":"(not $use_play_screen_compact_layout)",
				"$server_item_button_size":[
					"fill",
					30
				],
				"$server_edit_button_size":[
					"100%y",
					30
				]
			}
		]
	},
	"additional_server_info_panel/server_info_stack_panel":{
		"modifications":[
			{
				"control_name":"join_server_button",
				"operation":"replace",
				"value":[
					{
						"padding1@common.empty_panel":{
							"size":[
								"100%",
								3
							]
						}
					},
					{
						"join_server_button@common_buttons.light_text_button":{
							"$pressed_button_name":"button.menu_network_server_item",
							"$button_text":"networkWorld.join_server",
							"$default_text_color":"$light_button_hover_text_color",
							"$font_type":"MinecraftTen",
							"anchor_from":"center",
							"size":[
								"100%",
								30
							],
							"$button_offset":[
								0,
								-2
							],
							"anchor_to":"center",
							"$focus_override_left":"left_panel",
							"$hover_button_texture":"textures/ui/button_borderless_lighthover",
							"$pressed_button_texture":"textures/ui/button_borderless_lightpressed",
							"$default_button_texture":"textures/ui/button_borderless_lighthover"
						}
					}
				]
			},
			{
				"array_name":"controls",
				"operation":"insert_back",
				"value":[
					{
						"padding_5@common.empty_panel":{
							"size":[
								"100%",
								2
							]
						}
					},
					{
						"compatibility_info_panel@tyel_play_common.compatibility_info_panel":{
							
						}
					}
				]
			},
			{
				"control_name":"padding_2",
				"operation":"insert_after",
				"value":[
					{
						"padding9@common.empty_panel":{
							"size":[
								"100%",
								8
							]
						}
					},
					{
						"server_status_info_panel@common.horizontal_stack_panel":{
							"size":[
								"100%",
								"100%cm"
							],
							"controls":[
								{
									"player_count_panel@common.empty_panel":{
										"size":[
											"fill",
											"100%cm"
										],
										"min_size":[
											"100%c",
											"100%cm"
										],
										"controls":[
											{
												"player_count@play.text_icon_number_panel":{
													"size":[
														"100%c",
														10
													],
													"$text_icon_number_number":"#info_additional_server_player_count",
													"$text_icon_number_icon":"textures/ui/player_online",
													"$icon_size":[
														12,
														12
													],
													"$icon_offset":[
														0,
														-3
													]
												}
											}
										]
									}
								},
								{
									"ping_panel@common.empty_panel":{
										"size":[
											"fill",
											"100%cm"
										],
										"min_size":[
											"100%c",
											"100%cm"
										],
										"controls":[
											{
												"ping@play.text_icon_number_panel":{
													"size":[
														"100%c",
														10
													],
													"$text_icon_number_number":"#info_server_ping_text",
													"$text_icon_number_icon":"#info_additional_server_ping_texture_name",
													"$icon_size":[
														8,
														8
													],
													"$ping_bindings":[
														{
															"binding_name":"#ping_ready_thirdparty",
															"binding_name_override":"#visible"
														}
													],
													"$progress_panel":"play.small_progress_panel",
													"$number_bindings":[
														{
															"binding_name":"#info_additional_server_ping"
														},
														{
															"binding_type":"view",
															"source_property_name":"('§zPing: ' + #info_additional_server_ping)",
															"target_property_name":"#info_server_ping_text"
														},
														{
															"binding_name":"#ping_ready_external",
															"binding_name_override":"#visible"
														}
													]
												}
											}
										]
									}
								}
							]
						}
					}
				]
			},
			{
				"control_name":"player_count",
				"operation":"remove"
			},
			{
				"control_name":"padding_3",
				"operation":"remove"
			},
			{
				"control_name":"ping",
				"operation":"remove"
			}
		]
	},
	"third_party_server_info_panel/server_info_stack_panel/ping":{
		"$text_icon_number_number":"#info_server_ping_text",
		"$number_bindings":[
			{
				"binding_name":"#info_server_ping"
			},
			{
				"binding_type":"view",
				"source_property_name":"('§zPing: ' + #info_server_ping)",
				"target_property_name":"#info_server_ping_text"
			}
		]
	},
	"third_party_server_info_panel/server_info_stack_panel/player_count":{
		"$text_icon_number_icon":"textures/ui/player_online",
		"$icon_size":[
			12,
			12
		],
		"$icon_offset":[
			0,
			-3
		]
	},
	"featured_server_world_item/server_button":{
		"size":"$world_item_button_size",
		"$button_content":"play.server_button_contents"
	},
	"featured_server_world_item":{
		"size":"$world_item_panel_size",
		"$world_item_panel_size|default":[
			"100%",
			35
		],
		"$world_item_button_size|default":[
			"100%",
			35
		]
	},
	"server_button_content_panel/top_panel/title_panel/third_party_server_name":{
		"font_type":"default"
	},
	"server_button_content_panel/top_panel/padding_0":{
		"size":[
			2,
			2
		]
	},
	"server_button_content_panel/top_panel":{
		"modifications":[
			{
				"control_name":"third_party_server_screenshot",
				"operation":"remove"
			},
			{
				"array_name":"controls",
				"operation":"insert_back",
				"value":[
					{
						"ping_rate_panel@common.empty_panel":{
							"size":[
								"100%c",
								"100%"
							],
							"controls":[
								{
									"ping_rate_panel@play.ping_rate_panel":{
										"anchor_from":"top_right",
										"anchor_to":"top_right",
										"offset":[
											-2,
											5
										]
									}
								}
							]
						}
					}
				]
			}
		]
	},
	"server_button_content_panel/bottom_panel/third_party_server_message":{
		"font_type":"default"
	},
	"server_button_contents@common.horizontal_stack_panel":{
		"size":[
			"100%",
			"100%"
		],
		"variables":[
			{
				"requires":"$toggle_unchecked",
				"$border_texture":"textures/ui/default_indent"
			},
			{
				"requires":"$toggle_unchecked_hover",
				"$border_texture":"textures/ui/world_screenshot_focus_border"
			},
			{
				"requires":"$toggle_checked_hover",
				"$border_texture":"textures/ui/world_screenshot_focus_border"
			},
			{
				"requires":"$toggle_checked",
				"$border_texture":"textures/ui/default_indent"
			},
			{
				"requires":"$toggle_locked",
				"$border_texture":"textures/ui/default_indent"
			}
		],
		"controls":[
			{
				"screenshot_panel@common.empty_panel":{
					"size":[
						"100%c",
						"100%"
					],
					"controls":[
						{
							"third_party_server_screenshot@play.third_party_server_screenshot":{
								"bindings":[
									{
										"binding_name":"#third_party_screenshot_visible",
										"binding_name_override":"#visible",
										"binding_type":"collection",
										"binding_collection_name":"$collection_name"
									}
								]
							}
						}
					]
				}
			},
			{
				"padding_0@common.empty_panel":{
					"size":[
						2,
						2
					]
				}
			},
			{
				"text_panels_content_panel@common.empty_panel":{
					"size":[
						"fill",
						"100%"
					],
					"controls":[
						{
							"text_panels_content@play.server_button_content_panel":{
								"size":[
									"100%",
									30
								]
							}
						}
					]
				}
			}
		]
	},
	"third_party_server_info_panel/server_info_stack_panel":{
		"modifications":[
			{
				"control_name":"join_server_button",
				"operation":"replace",
				"value":[
					{
						"padding1@common.empty_panel":{
							"size":[
								"100%",
								3
							]
						}
					},
					{
						"join_server_and_view_store_button@common.horizontal_stack_panel":{
							"size":[
								"100%",
								30
							],
							"controls":[
								{
									"join_server_button@common_buttons.light_text_button":{
										"$pressed_button_name":"button.connect_to_third_party_server",
										"$button_text":"networkWorld.join_server",
										"$default_text_color":"$light_button_hover_text_color",
										"$font_type":"MinecraftTen",
										"anchor_from":"center",
										"size":[
											"fill",
											30
										],
										"$button_offset":[
											0,
											-2
										],
										"anchor_to":"center",
										"$focus_override_left":"left_panel",
										"$hover_button_texture":"textures/ui/button_borderless_lighthover",
										"$pressed_button_texture":"textures/ui/button_borderless_lightpressed",
										"$default_button_texture":"textures/ui/button_borderless_lighthover"
									}
								},
								{
									"padding@common.empty_panel":{
										"size":[
											"2px",
											"100%"
										]
									}
								},
								{
									"view_server_store_button@common_buttons.light_text_button":{
										"$pressed_button_name":"button.view_third_party_server_offers",
										"$button_text":"",
										"$icon_image":"textures/ui/sidebar_icons/marketplace",
										"$icon_anchor":"center",
										"$focus_override_left":"left_panel",
										"$icon_image_size":[
											25,
											25
										],
										"$icon_image_color":[
											1,
											1,
											1
										],
										"size":[
											"30px",
											30
										],
										"$hover_button_texture":"textures/ui/button_borderless_lighthover",
										"$pressed_button_texture":"textures/ui/button_borderless_lightpressed",
										"$default_button_texture":"textures/ui/button_borderless_lighthover",
										"bindings":[
											{
												"binding_name":"(not #view_offers_visible)",
												"binding_name_override":"#visible"
											}
										]
									}
								}
							]
						}
					}
				]
			},
			{
				"control_name":"padding_2",
				"operation":"insert_after",
				"value":[
					{
						"padding9@common.empty_panel":{
							"size":[
								"100%",
								8
							]
						}
					},
					{
						"server_status_info_panel@common.horizontal_stack_panel":{
							"size":[
								"100%",
								"100%cm"
							],
							"controls":[
								{
									"player_count_panel@common.empty_panel":{
										"size":[
											"fill",
											"100%cm"
										],
										"min_size":[
											"100%c",
											"100%cm"
										],
										"controls":[
											{
												"player_count@play.text_icon_number_panel":{
													"size":[
														"100%c",
														10
													],
													"$text_icon_number_number":"#info_third_party_server_player_count",
													"$text_icon_number_icon":"textures/ui/player_online",
													"$icon_size":[
														12,
														12
													],
													"$icon_offset":[
														0,
														-3
													]
												}
											}
										]
									}
								},
								{
									"ping_panel@common.empty_panel":{
										"size":[
											"fill",
											"100%cm"
										],
										"min_size":[
											"100%c",
											"100%cm"
										],
										"controls":[
											{
												"ping@play.text_icon_number_panel":{
													"size":[
														"100%c",
														10
													],
													"$text_icon_number_number":"#info_server_ping_text",
													"$text_icon_number_icon":"#info_ping_texture_name",
													"$icon_size":[
														8,
														8
													],
													"$ping_bindings":[
														{
															"binding_name":"#ping_ready_thirdparty",
															"binding_name_override":"#visible"
														}
													],
													"$progress_panel":"play.small_progress_panel",
													"$number_bindings":[
														{
															"binding_name":"#info_server_ping"
														},
														{
															"binding_type":"view",
															"source_property_name":"('§zPing: ' + #info_server_ping)",
															"target_property_name":"#info_server_ping_text"
														}
													]
												}
											}
										]
									}
								}
							]
						}
					}
				]
			},
			{
				"control_name":"player_count",
				"operation":"remove"
			},
			{
				"control_name":"padding_3",
				"operation":"remove"
			},
			{
				"control_name":"ping",
				"operation":"remove"
			}
		]
	},
	"third_party_server_info_panel/server_info_stack_panel/server_screenshot":{
		"controls":[
			{
				"border@common.empty_image":{
					"texture":"textures/ui/black_border",
					"layer":1
				}
			}
		]
	},
	"text_icon_number_panel/text":{
		"ignored":"($text_icon_number_text = '')",
		"font_type":"default"
	},
	"text_icon_number_panel/stack_panel/icon_panel/icon":{
		"texture":"$text_icon_number_icon",
		"offset":"$icon_offset",
		"bindings":[
			{
				"ignored":"($text_icon_number_icon - '#' = $text_icon_number_icon)",
				"binding_name":"$text_icon_number_icon",
				"binding_name_override":"#texture"
			}
		]
	},
	"text_icon_number_panel/stack_panel/number":{
		"font_type":"default"
	},
	"text_icon_number_panel":{
		"$text_icon_number_text|default":"",
		"$icon_offset|default":[
			0,
			0
		]
	},
	"screenshots_section_panel/screenshots":{
		"controls":[
			{
				"border@common.empty_image":{
					"texture":"textures/ui/black_border",
					"layer":1
				}
			}
		]
	},
	"description_text_panel/contents_description":{
		"font_type":"default"
	},
	"games_factory_object/games_factory_panel/top_panel/game_image_panel":{
		"min_size":[
			89,
			50
		],
		"size":[
			"177.78%y",
			50
		]
	},
	"games_factory_object/games_factory_panel/top_panel/game_title_panel":{
		"size":[
			"fill",
			"100%sm"
		],
		"modifications":[
			{
				"array_name":"controls",
				"operation":"insert_front",
				"value":[
					{
						"padding_top@common.empty_panel":{
							"size":[
								"100%",
								"fill"
							]
						}
					}
				]
			},
			{
				"array_name":"controls",
				"operation":"insert_back",
				"value":[
					{
						"padding_bottom@common.empty_panel":{
							"size":[
								"100%",
								"fill"
							]
						}
					}
				]
			}
		]
	},
	"games_factory_object/games_factory_panel/top_panel/game_title_panel/game_title":{
		"font_type":"default"
	},
	"games_factory_object/games_factory_panel/top_panel/game_title_panel/game_subtitle":{
		"font_scale_factor":1
	},
	"games_factory_object/games_factory_panel/bottom_panel/bottom_panel":{
		"font_scale_factor":1
	},
	"news_text_panel/contents_news":{
		"font_scale_factor":1
	},
	"news_section_panel/read_more_panel/text_stack_panel/news_title_text":{
		"font_type":"default"
	},
	"additional_server_toggle_content":{
		"modifications":[
			{
				"control_name":"network_world_content_text_area_panel",
				"operation":"replace",
				"value":[
					{
						"network_world_content_text_area_panel@common.empty_panel":{
							"size":[
								"fill",
								"100%"
							],
							"controls":[
								{
									"network_world_content_text_area_panel@play.network_world_content_text_area_panel":{
										"size":[
											"100%",
											24
										],
										"layer":1
									}
								}
							]
						}
					}
				]
			}
		]
	},
	"third_party_server_info_panel/server_info_stack_panel/server_name":{
		"font_type":"MinecraftTen",
		"backup_font_type":"default",
		"text_alignment":"center",
		"font_scale_factor":1.333,
		"size":[
			"100%",
			14
		]
	},
	"additional_server_info_panel/server_info_stack_panel/server_name":{
		"font_type":"MinecraftTen",
		"backup_font_type":"default",
		"text_alignment":"center",
		"font_scale_factor":1.333,
		"size":[
			"100%",
			14
		]
	},
	"additional_server_info_panel/server_info_stack_panel/padding_2":{
		"size":[
			"100%",
			6
		]
	},
	"add_server_toggle_button@common_toggles.light_text_toggle":{
		"visible":"(not $ignore_add_servers)",
		"$button_text":"networkWorld.add_server",
		"$radio_toggle_group":true,
		"$toggle_name":"server_navigation_toggle",
		"$toggle_view_binding_name":"add_server_toggle_button",
		"$toggle_state_binding_name":"#toggle_state",
		"$toggle_on_hover_binding_name":"none",
		"$toggle_tab_focus_binding_type":"global",
		"$toggle_tab_focus_binding_name":"#navigation_tab_focus_precedence",
		"$default_text_color":"$light_button_hover_text_color",
		"$font_type":"MinecraftTen",
		"anchor_from":"center",
		"size":[
			"100%",
			30
		],
		"$button_offset":[
			0,
			-2
		],
		"anchor_to":"center",
		"$hover_texture":"textures/ui/button_borderless_lighthover",
		"$pressed_no_hover_texture":"textures/ui/button_borderless_lightpressed",
		"$pressed_texture":"textures/ui/button_borderless_lightpressed",
		"$default_texture":"textures/ui/button_borderless_lighthover",
		"bindings":[
			{
				"binding_name":"#add_server_enabled",
				"binding_name_override":"#enabled"
			}
		]
	},
	"worlds_stack_panel":{
		"$view_bindings":[
			{
				"binding_type":"view",
				"source_control_name":"local_world_search",
				"source_property_name":"(#item_name = '')",
				"target_property_name":"#visible"
			}
		],
		"modifications":[
			{
				"array_name":"controls",
				"operation":"insert_front",
				"value":[
					{
						"padding_include_file_path_hooking@common.empty_panel":{
							"size":[
								0,
								3
							],
							"bindings":[
								{
									"binding_name":"#local_world_image",
									"binding_type":"collection",
									"binding_collection_name":"local_worlds"
								},
								{
									"binding_type":"view",
									"source_property_name":"(#local_world_image - '/world_icon.jpeg')",
									"target_property_name":"#world_path"
								},
								{
									"binding_type":"view",
									"source_property_name":"(#world_path - ('%.1s' * #world_path + '/') - ('%.2s' * #world_path + '/') - ('%.3s' * #world_path + '/') - ('%.4s' * #world_path + '/') - ('%.5s' * #world_path + '/') - ('%.6s' * #world_path + '/') - ('%.7s' * #world_path + '/') - ('%.8s' * #world_path + '/') - ('%.9s' * #world_path + '/') - ('%.10s' * #world_path + '/') - ('%.11s' * #world_path + '/') - ('%.12s' * #world_path + '/') - ('%.13s' * #world_path + '/') - ('%.14s' * #world_path + '/') - ('%.15s' * #world_path + '/') - ('%.16s' * #world_path + '/') - ('%.17s' * #world_path + '/'))",
									"target_property_name":"#world_path"
								},
								{
									"binding_type":"view",
									"source_property_name":"(#world_path - ('%.1s' * #world_path + '/') - ('%.2s' * #world_path + '/') - ('%.3s' * #world_path + '/') - ('%.4s' * #world_path + '/') - ('%.5s' * #world_path + '/') - ('%.6s' * #world_path + '/') - ('%.7s' * #world_path + '/') - ('%.8s' * #world_path + '/') - ('%.9s' * #world_path + '/') - ('%.10s' * #world_path + '/') - ('%.11s' * #world_path + '/') - ('%.12s' * #world_path + '/') - ('%.13s' * #world_path + '/') - ('%.14s' * #world_path + '/') - ('%.15s' * #world_path + '/') - ('%.16s' * #world_path + '/') - ('%.17s' * #world_path + '/') - ('%.18s' * #world_path + '/') - ('%.19s' * #world_path + '/') - ('%.20s' * #world_path + '/') - ('%.21s' * #world_path + '/') - ('%.22s' * #world_path + '/') - ('%.23s' * #world_path + '/') - ('%.24s' * #world_path + '/') - ('%.25s' * #world_path + '/') - ('%.26s' * #world_path + '/') - ('%.27s' * #world_path + '/') - ('%.28s' * #world_path + '/') - ('%.29s' * #world_path + '/') - ('%.30s' * #world_path + '/') - ('%.31s' * #world_path + '/') - ('%.32s' * #world_path + '/') - ('%.33s' * #world_path + '/') - ('%.34s' * #world_path + '/') - ('%.35s' * #world_path + '/') - ('%.36s' * #world_path + '/') - ('%.37s' * #world_path + '/') - ('%.38s' * #world_path + '/') - ('%.39s' * #world_path + '/') - ('%.40s' * #world_path + '/') - ('%.41s' * #world_path + '/') - ('%.42s' * #world_path + '/') - ('%.43s' * #world_path + '/') - ('%.44s' * #world_path + '/') - ('%.45s' * #world_path + '/') - ('%.46s' * #world_path + '/') - ('%.47s' * #world_path + '/') - ('%.48s' * #world_path + '/') - ('%.49s' * #world_path + '/') - ('%.50s' * #world_path + '/'))",
									"target_property_name":"#world_path"
								},
								{
									"binding_type":"view",
									"source_property_name":"(#local_world_image - '/world_icon.jpeg' - #world_path)",
									"target_property_name":"#gamepath"
								}
							]
						}
					},
					{
						"world_found_padding@common.empty_panel":{
							"size":[
								"100%",
								2
							],
							"bindings":[
								{
									"binding_type":"view",
									"source_control_name":"local_world_search",
									"source_property_name":"(not (#item_name = ''))",
									"target_property_name":"#visible"
								}
							]
						}
					},
					{
						"worlds_found_counter@common.empty_panel":{
							"clips_children":true,
							"size":"$size",
							"$size":[
								"100%",
								10
							],
							"bindings":[
								{
									"binding_type":"view",
									"source_control_name":"local_world_search",
									"source_property_name":"(not (#item_name = ''))",
									"target_property_name":"#visible"
								}
							],
							"controls":[
								{
									"worlds_found_counter_panel@common.empty_panel":{
										"size":[
											"100%",
											"100%cm"
										],
										"anchor_from":"bottom_left",
										"anchor_to":"bottom_left",
										"controls":[
											{
												"count_label@common.empty_panel":{
													"anchor_from":"top_middle",
													"anchor_to":"top_middle",
													"size":[
														"100%",
														0
													],
													"controls":[
														{
															"notfound":{
																"type":"label",
																"text":"world.found_not_the_world",
																"anchor_from":"bottom_middle",
																"anchor_to":"bottom_middle"
															}
														},
														{
															"label_list":{
																"type":"stack_panel",
																"anchor_from":"top_middle",
																"anchor_to":"top_middle",
																"collection_name":"local_worlds",
																"use_child_anchors":true,
																"size":[
																	"100%",
																	"100%c"
																],
																"factory":{
																	"control_name":"play_new.world_count_label"
																},
																"bindings":[
																	{
																		"binding_type":"global",
																		"binding_name":"#world_item_count",
																		"binding_condition":"visibility_changed"
																	},
																	{
																		"binding_type":"view",
																		"source_property_name":"(#world_item_count + 'a' - 'a')",
																		"target_property_name":"#collection_length"
																	}
																]
															}
														}
													]
												}
											},
											{
												"count_offset":{
													"type":"stack_panel",
													"collection_name":"local_worlds",
													"anchor_from":"top_left",
													"anchor_to":"top_left",
													"size":[
														"100%",
														"100%c"
													],
													"factory":{
														"control_name":"play_new.world_count_label_offset"
													},
													"bindings":[
														{
															"binding_type":"global",
															"binding_name":"#world_item_count",
															"binding_condition":"visibility_changed"
														},
														{
															"binding_type":"view",
															"source_property_name":"(#world_item_count + 'a' - 'a')",
															"target_property_name":"#collection_length"
														}
													]
												}
											}
										]
									}
								}
							]
						}
					},
					{
						"world_found_padding2@common.empty_panel":{
							"size":[
								"100%",
								2
							],
							"bindings":[
								{
									"binding_type":"view",
									"source_control_name":"local_world_search",
									"source_property_name":"(not (#item_name = ''))",
									"target_property_name":"#visible"
								}
							]
						}
					},
					{
						"search_result_message_text_panel@common.horizontal_stack_panel":{
							"size":[
								"100%",
								10
							],
							"bindings":[
								{
									"binding_type":"view",
									"source_control_name":"local_world_search",
									"source_property_name":"(not (#item_name = ''))",
									"target_property_name":"#visible"
								}
							],
							"controls":[
								{
									"search_result_message_text_before":{
										"type":"label",
										"size":[
											"default",
											10
										],
										"text":"playscreen.worldsearch.resultmessage_before",
										"layer":1
									}
								},
								{
									"search_result_output_text":{
										"type":"label",
										"size":[
											"default",
											10
										],
										"text":"#text",
										"layer":1,
										"bindings":[
											{
												"binding_type":"view",
												"source_control_name":"local_world_search",
												"source_property_name":"#item_name",
												"target_property_name":"#text"
											}
										]
									}
								},
								{
									"search_result_message_text_after":{
										"type":"label",
										"size":[
											"default",
											10
										],
										"text":"playscreen.worldsearch.resultmessage_after",
										"layer":1
									}
								}
							]
						}
					}
				]
			}
		]
	},
	"worlds_stack_panel/header_button":{
		"modifications":[
			{
				"control_name":"quick_play",
				"operation":"remove"
			},
			{
				"array_name":"controls",
				"operation":"insert_front",
				"value":[
					{
						"import_and_quick_play_buttons@common.horizontal_stack_panel":{
							"size":[
								"100% - 2px",
								30
							],
							"controls":[
								{
									"empty@common.empty_panel":{
										"size":[
											"0.5px",
											30
										]
									}
								},
								{
									"quick_play@play.quick_play_button":{
										"size":[
											"fill",
											30
										]
									}
								},
								{
									"import_world@play.import_world_button":{
										"size":[
											"fill",
											30
										]
									}
								}
							]
						}
					}
				]
			}
		]
	},
	"quick_play_button":{
		"$hover_button_texture":"textures/ui/button_borderless_lighthover",
		"$pressed_button_texture":"textures/ui/button_borderless_lightpressed",
		"$default_button_texture":"textures/ui/button_borderless_light"
	},
	"import_worlld_button":{
		"$hover_button_texture":"textures/ui/button_borderless_lighthover",
		"$pressed_button_texture":"textures/ui/button_borderless_lightpressed",
		"$default_button_texture":"textures/ui/button_borderless_light"
	},
	"worlds_stack_panel/worlds_crossplatform_disabled_panel":{
		"bindings":[
			{
				"binding_name":"#cross_platform_enabled",
				"binding_name_override":"#visible_no"
			},
			{
				"binding_type":"view",
				"source_control_name":"local_world_search",
				"source_property_name":"(#item_name = '')",
				"target_property_name":"#visible_yes"
			},
			{
				"binding_type":"view",
				"source_property_name":"((not #visible_no) and #visible_yes)",
				"target_property_name":"#visible"
			}
		]
	},
	"worlds_stack_panel/worlds_crossplatform_disable_spacer":{
		"bindings":[
			{
				"binding_name":"#cross_platform_enabled",
				"binding_name_override":"#visible_no"
			},
			{
				"binding_type":"view",
				"source_control_name":"local_world_search",
				"source_property_name":"(#item_name = '')",
				"target_property_name":"#visible_yes"
			},
			{
				"binding_type":"view",
				"source_property_name":"((not #visible_no) and #visible_yes)",
				"target_property_name":"#visible"
			}
		]
	},
	"worlds_stack_panel/realms_panel":{
		"bindings":[
			{
				"binding_name":"#personal_realms_grid_visible",
				"binding_name_override":"#visible_no"
			},
			{
				"binding_type":"view",
				"source_control_name":"local_world_search",
				"source_property_name":"(#item_name = '')",
				"target_property_name":"#visible_yes"
			},
			{
				"binding_type":"view",
				"source_property_name":"(#visible_no and #visible_yes)",
				"target_property_name":"#visible"
			}
		]
	},
	"worlds_stack_panel/realms_multiplayer_blocked_panel":{
		"bindings":[
			{
				"binding_name":"#multiplayer_blocked_panel_visible",
				"binding_name_override":"#visible_no"
			},
			{
				"binding_type":"view",
				"source_control_name":"local_world_search",
				"source_property_name":"(#item_name = '')",
				"target_property_name":"#visible_yes"
			},
			{
				"binding_type":"view",
				"source_property_name":"(#visible_no and #visible_yes)",
				"target_property_name":"#visible"
			}
		]
	},
	"worlds_stack_panel/worlds_label":{
		"bindings":[
			{
				"binding_name":"#local_worlds_visible",
				"binding_name_override":"#visible_no"
			},
			{
				"binding_type":"view",
				"source_control_name":"local_world_search",
				"source_property_name":"(#item_name = '')",
				"target_property_name":"#visible_yes"
			},
			{
				"binding_type":"view",
				"source_property_name":"(#visible_no and #visible_yes)",
				"target_property_name":"#visible"
			}
		]
	},
	"local_world_filesize":{
		"text":"#text",
		"bindings":[
			{
				"binding_name":"#local_worldfile_size",
				"binding_type":"collection",
				"binding_collection_name":"local_worlds"
			},
			{
				"binding_name":"#local_world_image",
				"binding_type":"collection",
				"binding_collection_name":"local_worlds"
			},
			{
				"binding_type":"view",
				"source_control_name":"padding_include_file_path_hooking",
				"source_property_name":"#gamepath",
				"target_property_name":"#gamepath"
			},
			{
				"binding_type":"view",
				"ignored":true,
				"source_property_name":"(#local_world_image - '/world_icon.jpeg' - #gamepath + '|' + #local_worldfile_size)",
				"target_property_name":"#text"
			},
			{
				"binding_type":"view",
				"source_property_name":"#local_worldfile_size",
				"target_property_name":"#text"
			}
		]
	},
	"local_world_item":{
		"bindings":[
			{
				"binding_name":"#local_worldfile_size",
				"binding_type":"collection",
				"binding_collection_name":"local_worlds"
			},
			{
				"binding_name":"#local_world_name",
				"binding_type":"collection",
				"binding_collection_name":"local_worlds"
			},
			{
				"binding_type":"view",
				"source_control_name":"local_world_search",
				"source_property_name":"#item_name",
				"target_property_name":"#search_value"
			},
			{
				"binding_type":"view",
				"source_property_name":"((not ((#local_world_name - #search_value) = #local_world_name)) or (#search_value = ''))",
				"target_property_name":"#bool_0"
			},
			{
				"binding_type":"view",
				"source_property_name":"(not (#local_worldfile_size = ''))",
				"target_property_name":"#bool_1"
			},
			{
				"binding_type":"view",
				"source_property_name":"(#bool_0 and #bool_1)",
				"target_property_name":"#visible"
			}
		]
	},
	"local_world_item_grid":{
		"type":"stack_panel",
		"collection_name":"local_worlds",
		"size":[
			"100% - 1px",
			"100%c"
		],
		"factory":{
			"name":"local_worlds",
			"control_name":"play.local_world_item"
		},
		"bindings":[
			{
				"binding_type":"global",
				"binding_name":"#world_item_count"
			},
			{
				"binding_type":"view",
				"source_property_name":"(#world_item_count + 'a' - 'a')",
				"target_property_name":"#collection_length"
			}
		]
	}
}