{
	"progress_loading_bars": {
		"disable_anim_fast_forward":true
	},
	"nether_loading_progress_screen@progress.world_loading_progress_screen":{
		"$screen_bg_content":"progress.nether_loading_background"
	},
	"overworld_loading_progress_screen@progress.world_loading_progress_screen":{
		"$screen_bg_content":"progress.overworld_loading_progress_screen"
	},
	"progress_screen@common.base_screen":{
		"$screen_bg_content":"common.empty_panel"
	},
	"theend_loading_progress_screen@progress.world_loading_progress_screen":{
		"$screen_bg_content":"progress.theend_loading_background"
	},
	"common_progress_panel_content":{
		"type":"panel",
		"anchor_from":"bottom_middle",
		"anchor_to":"bottom_middle",
		"$extra_controls|default":"",
		"size":[
			"100% - 20px",
			50
		],
		"controls":[
			{
				"progress_title_text@progress.progress_title_text":{
					"font_type":"MinecraftTen",
					"anchor_from":"top_left",
					"anchor_to":"top_left",
					"offset":[
						0,
						2
					]
				}
			},
			{
				"progress_bar_text@progress.progress_bar_text":{
					"anchor_from":"top_left",
					"anchor_to":"top_left",
					"localize":false,
					"size":[
						"default",
						"default"
					],
					"max_size":[
						"100% - 66px",
						40
					],
					"offset":[
						0,
						14
					]
				}
			},
			{
				"fancy_progress_loading_bars@progress.fancy_progress_loading_bars":{
					"anchor_from":"bottom_middle",
					"anchor_to":"bottom_middle",
					"bindings":[
						
					],
					"offset":[
						0,
						-2
					],
					"size":[
						"100%",
						5
					]
				}
			},
			{
				"loading_bar_percentage@hud_new.percentage":{
					"$percentage":"#loading_bar_percentage",
					"anchor_from":"bottom_right",
					"anchor_to":"bottom_right",
					"size":[
						"100%c",
						"100%cm"
					],
					"offset":[
						0,
						-10
					],
					"$color":[
						0.5,
						1,
						0
					]
				}
			},
			{
				"cancel_button@progress.cancel_button":{
					"anchor_from":"top_right",
					"anchor_to":"top_right",
					"offset":[
						0,
						-15
					]
				}
			},
			{
				"extra_controls":{
					"type":"panel",
					"controls":"$extra_controls"
				}
			}
		]
	},
	"loading_pickaxe_icon@persona.loading_icon":{
		"anchor_from":"center",
		"anchor_to":"center",
		"offset":[
			0,
			"2%"
		],
		"size":[
			75,
			75
		]
	},
	"world_convert_modal_progress_screen_content":{
		"modifications":[
			{
				"control_name":"world_modal_progress_panel",
				"operation":"remove"
			},
			{
				"array_name":"controls",
				"operation":"insert_front",
				"value":[
					{
						"loading_pickaxe@progress.loading_pickaxe_icon":{
							
						}
					},
					{
						"content_progress@progress.common_progress_panel_content":{
							"$modal_button_panel_type":"progress.modal_button_panel"
						}
					}
				]
			}
		]
	},
	"world_save_modal_progress_screen_content":{
		"modifications":[
			{
				"control_name":"world_modal_progress_panel",
				"operation":"remove"
			},
			{
				"array_name":"controls",
				"operation":"insert_front",
				"value":[
					{
						"loading_pickaxe@progress.loading_pickaxe_icon":{
							
						}
					},
					{
						"content_progress@progress.common_progress_panel_content":{
							"$extra_controls":[
								{
									"abort_button@progress.abort_button":{
										"anchor_from":"top_right",
										"anchor_to":"top_right",
										"offset":[
											0,
											-15
										]
									}
								},
								{
									"retry_button@progress.retry_button":{
										"anchor_from":"top_right",
										"anchor_to":"top_right",
										"offset":[
											-67,
											-15
										]
									}
								}
							]
						}
					}
				]
			}
		]
	}
}