{
	"namespace":"settings",
	"selector_stack_panel/controls_and_settings_selector_pane":{
		"modifications":[
			{
				"control_name":"language_button",
				"operation":"replace",
				"value":[
					{
						"language_button@general_section.language_button": {
							"$toggle_group_forced_index": "$language_forced_index",
							"$tts_section_header": "$general_section_header"
						}
					}
				]
			}
		]
	},
	"section_content_panels/general_and_controls_sections":{
		"modifications":[
			{
				"control_name":"language_section",
				"operation":"replace",
				"value":[
					{
						"language_section@general_section.language_section": {
							"visible":false
						}
					}
				]
			}
		]
	},
	"selector_stack_panel":{
		"modifications":[
			{
				"array_name":"controls",
				"operation":"insert_front",
				"value":[
					{
						"convert_camera_player_stack@settings.convert_camera_player_stack":{
							
						}
					},
					{
						"padding@common.empty_panel":{
							"ignored":"($is_pregame and $include_world_section)",
							"size":[
								0,
								3
							]
						}
					},
					{
						"gamemode_convert_in_survival_stack@settings.gamemode_convert_in_survival":{
							"ignored":"$is_pregame"
						}
					},
					{
						"padding0@common.empty_panel":{
							"ignored":"$is_pregame",
							"size":[
								0,
								3
							]
						}
					}
				]
			}
		]
	},
	"gamemode_convert_in_survival@common.horizontal_stack_panel":{
		"ignored":"($is_pregame and $include_world_section)",
		"size":[
			"100%",
			30
		],
		"controls":[
			{
				"survival_toggle@common_toggles.toggle_template_convert":{
					"$button_text":"createWorldScreen.gameMode.survival",
					"$toggle_name":"#world_game_mode_radio_survival",
					"$toggle_group_forced_index":1,
					"size":[
						"fill",
						"100%"
					]
				}
			},
			{
				"spectator_toggle@common_toggles.toggle_template_convert":{
					"$button_text":"createWorldScreen.gameMode.spectator",
					"$toggle_name":"#world_game_mode_radio_spectator",
					"$toggle_group_forced_index":2,
					"size":[
						"fill",
						"100%"
					]
				}
			}
		]
	},
	"convert_camera_player_stack@common.horizontal_stack_panel":{
		"ignored":"($is_pregame and $include_world_section)",
		"size":[
			"100%",
			30
		],
		"controls":[
			{
				"first@common_toggles.toggle_template_convert":{
					"$button_text":"setting.name.firstperson",
					"$toggle_name":"#thirdperson_radio_first",
					"$toggle_group_forced_index":1,
					"size":[
						"fill",
						"100%"
					]
				}
			},
			{
				"3rd_back@common_toggles.toggle_template_convert":{
					"$button_text":"setting.name.thirdpersonback",
					"$toggle_name":"#thirdperson_radio_third_back",
					"$toggle_group_forced_index":2,
					"size":[
						"fill",
						"100%"
					]
				}
			},
			{
				"3rd_front@common_toggles.toggle_template_convert":{
					"$button_text":"setting.name.thirdpersonfront",
					"$toggle_name":"#thirdperson_radio_third_front",
					"$toggle_group_forced_index":3,
					"size":[
						"fill",
						"100%"
					]
				}
			}
		]
	}
}