{
	"namespace":"start",
	"start_screen_content":{
		"modifications":[
			{
				"control_name":"text_panel",
				"operation":"replace",
				"value":[
					{
						"text_panel@start_new.text_panel":{
							
						}
					}
				]
			},
			{
				"array_name":"controls",
				"operation":"insert_front",
				"value":[
					{
						"gamepad_and_keyboard_helpers@commom.empty_panel":{
							"size":[
								"100%",
								"46px"
							],
							"controls":[
								{
									"gamepad_helpers@start.gamepad_helpers":{
										
									}
								},
								{
									"keyboard_helpers@start.keyboard_helper_vr_swap":{
										
									}
								}
							]
						}
					},
					{
						"the_sidebar_button_and_settings_button@common.empty_panel":{
							"animation_reset_name":"button.sidebar_off",
							"anims":[
								"@anim.sidebar_anim_on_on",
								"@anim.sidebar_anim_on_off"
							],
							"controls":[
								{
									"stack_button_left":{
										"type":"stack_panel",
										"orientation":"horizontal",
										"anchor_from":"top_left",
										"anchor_to":"top_left",
										"size":[
											"100%c",
											25
										],
										"offset":[
											1,
											1
										],
										"controls":[
											{
												"sidebar_button@start_new.sidebar_button":{
													
												}
											},
											{
												"padding0@common.empty_panel":{
													"size":[
														1,
														0
													]
												}
											},
											{
												"signin_button@start_new.signin_button":{
													
												}
											}
										]
									}
								},
								{
									"sign_in_panel@start_new.signin_panel":{
										
									}
								},
								{
									"stack_button_right":{
										"type":"stack_panel",
										"orientation":"horizontal",
										"anchor_from":"top_right",
										"anchor_to":"top_right",
										"size":[
											"100%c",
											25
										],
										"offset":[
											-1,
											1
										],
										"controls":[
											{
												"hide_button@start_new.hide_screen_button":{
													
												}
											},
											{
												"padding0@common.empty_panel":{
													"size":[
														1,
														0
													]
												}
											},
											{
												"settings_button@start_new.settings_button":{
													
												}
											},
											{
												"padding1@common.empty_panel":{
													"size":[
														1,
														0
													]
												}
											},
											{
												"close_button@start_new.close_button":{
													
												}
											}
										]
									}
								}
							]
						}
					},
					{
						"the_sidebar_background@start_new.background_sidebar":{
							
						}
					}
				]
			}
		]
	},
	"label_button_custom":{
		"type":"label",
		"text":"$button_text",
		"shadow":"$shadow_text",
		"$shadow_text|default":false,
		"color":"$text_color",
		"font_type":"$font_type_text",
		"$font_type_text|default":"default",
		"font_scale_factor":"$font_scale_factor",
		"anchor_from":"$anchor_from_and_to_text",
		"anchor_to":"$anchor_from_and_to_text",
		"offset":"$offset_text",
		"$font_scale_factor|default":1,
		"$offset_text|default":[
			0,
			0
		]
	},
	"button_icon_temple@common.empty_panel":{
		"controls":[
			{
				"image@common.empty_image":{
					"texture":"$icon_button",
					"color":"$color_icon",
					"size":"$size_icon",
					"offset":"$offset_icon",
					"anchor_from":"$anchor_from_and_to_icon",
					"anchor_to":"$anchor_from_and_to_icon"
				}
			}
		]
	},
	"main_buttons_panel/stacked_rows/stacked_row_0":{
		"modifications":[
			{
				"control_name":"play_button",
				"operation":"replace",
				"value":[
					{
						"play_button@start.play_button_green":{
							
						}
					}
				]
			}
		]
	},
	"play_button_green@common_buttons.green_content_button":{
		"$button_content":"start.label_button_custom",
		"$pressed_button_name":"$play_button_target",
		"$font_type_text":"MinecraftTen",
		"$button_text":"menu.play",
		"$font_scale_factor":1.5,
		"size":[
			"100% - 2px",
			30
		],
		"$offset_text":[
			0,
			-1
		]
	},
	"main_buttons_panel/stacked_rows":{
		"modifications":[
			{
				"control_name":"settings",
				"operation":"remove"
			}
		]
	},
	"main_buttons_stack_panel":{
		"$title_offset_padding|default":[
			"100%",
			"1%"
		]
	},
	"main_buttons_stack_panel/title_panel_content":{
		"layer":-10
	},
	"skin_panel":{
		"anchor_from":"right_middle",
		"anchor_to":"right_middle",
		"layer":1,
		"size":[
			"35% - 75px",
			124
		],
		"offset":[
			"-10%",
			"15%"
		],
		"modifications":[
			{
				"control_name":"change_profile_or_skin",
				"operation":"remove"
			}
		]
	},
	"gathering_badge":{
		"layer":-10
	},
	"gathering_caption":{
		"layer":-10
	},
	"gathering_caption/countdown_text":{
		"layer":0
	},
	"upper_online_buttons_panel":{
		"ignored":true
	},
	"lower_online_buttons_panel":{
		"ignored":true
	}
}