{
	"right_panel":{
		"$double_press_action":"button.container_take_all_place_all",
		"$button_ref_controls":[
			{
				"slot_btn@crafting_new.slot_btn":{
					
				}
			}
		],
		"modifications":[
			{
				"array_name":"controls",
				"operation":"insert_front",
				"value":[
					{
						"container_button@crafting_new.button_stack":{
							
						}
					}
				]
			}
		]
	},
	"arrow_icon":{
		"type":"panel",
		"controls":[
			{
				"quick_crafting_button@crafting_new.temple_button_icon":{
					"$onDoubleClick":"button.container_auto_place",
					"$disableDoubleClick":false,
					"$disable_bindings":false,
					"$hover_button_texture":"textures/ui/crafting_ic",
					"$pressed_button_texture":"textures/ui/crafting_ic",
					"$default_button_texture":"textures/ui/crafting_ic",
					"$hover_text_toggle":"menu.quick_crafting",
					"property_bag":{
						"#collection_index":0,
						"#collection_name":"stonecutter_result_items"
					},
					"size":[
						18,
						18
					],
					"$button_image_color":"$title_text_color"
				}
			}
		]
	},
	"top_half_stack_panel/arrow_holder/arrow_icon":{
		"bindings":[
			
		]
	},
	"top_half_panel":{
		"modifications":[
			{
				"array_name":"controls",
				"operation":"insert_front",
				"value":[
					{
						"stonecutter_input_slot@common.empty_panel":{
							"size":[
								0,
								0
							],
							"bindings":[
								{
									"binding_name":"#item_id_aux",
									"binding_type":"collection",
									"binding_collection_name":"stonecutter_input_items"
								},
								{
									"binding_name":"#inventory_stack_count",
									"binding_type":"collection",
									"binding_collection_name":"stonecutter_input_items"
								}
							]
						}
					},
					{
						"stonecutter_output_slot@common.empty_panel":{
							"size":[
								0,
								0
							],
							"bindings":[
								{
									"binding_name":"#item_id_aux",
									"binding_type":"collection",
									"binding_collection_name":"stonecutter_result_items"
								},
								{
									"binding_name":"#inventory_stack_count",
									"binding_type":"collection",
									"binding_collection_name":"stonecutter_result_items"
								}
							]
						}
					},
					{
						"total_item_can_be_crafting":{
							"type":"label",
							"text":"#text",
							"color":"$title_text_color",
							"anchor_from":"right_middle",
							"anchor_to":"right_middle",
							"offset":[
								-35,
								18
							],
							"bindings":[
								{
									"binding_type":"view",
									"source_control_name":"stonecutter_input_slot",
									"source_property_name":"( (not (#inventory_stack_count * 1 > 1) * (not (#item_id_aux = -1) + 0)) + #inventory_stack_count * 1 )",
									"target_property_name":"#input"
								},
								{
									"binding_type":"view",
									"source_control_name":"stonecutter_output_slot",
									"source_property_name":"( (not (#inventory_stack_count * 1 > 1) * (not (#item_id_aux = -1) + 0)) + #inventory_stack_count * 1 )",
									"target_property_name":"#output"
								},
								{
									"binding_type":"view",
									"source_property_name":"(not (#input * #output) = 0)",
									"target_property_name":"#visible"
								},
								{
									"binding_type":"view",
									"source_property_name":"('x' + #input * #output)",
									"target_property_name":"#text"
								}
							]
						}
					}
				]
			}
		]
	}
}