{
	"namespace":"toast_screen",
	"popup/background":{
		"texture":"textures/ui/Black",
		"alpha":0.8
	},
	"popup":{
		"offset":[
			
		],
		"$popup_size":[
			"40%",
			"26px"
		],
		"modifications":[
			{
				"array_name":"controls",
				"operation":"insert_front",
				"value":[
					{
						"line_popup@common.empty_image":{
							"texture":"textures/ui/bottom_line",
							"anchor_from":"bottom_middle",
							"anchor_to":"bottom_middle",
							"layer":1
						}
					}
				]
			}
		]
	},
	"chat_popup":{
		"type":"panel",
		"offset":"$offset_anims",
		"anchor_from":"top_middle",
		"anchor_to":"bottom_middle",
		"$offset_anims|default":[
			"40%",
			"26px"
		],
		"size":[
			"100%",
			"36px"
		],
		"controls":[
			{
				"popup@toast_screen.popup":{
					"anchor_from":"center",
					"anchor_to":"center"
				}
			}
		]
	}
}