{
	"right_panel":{
		"$double_press_action":"button.container_take_all_place_all",
		"$button_ref_controls":[
			{
				"slot_btn@crafting_new.slot_btn":{
					
				}
			}
		],
		"modifications":[
			{
				"array_name":"controls",
				"operation":"insert_front",
				"value":[
					{
						"container_button@crafting_new.button_stack":{
							
						}
					}
				]
			}
		]
	},
	"screen_panel":{
		"modifications":[
			{
				"array_name":"controls",
				"operation":"insert_front",
				"value":[
					{
						"ico@trade_new.village_trade_icon":{
							
						}
					}
				]
			}
		]
	},
	"exp_progress_bar":{
		"offset":[
			0,
			15
		],
		"modifications":[
			{
				"array_name":"controls",
				"operation":"insert_front",
				"value":[
					{
						"level_exp@trade_new.xp_trade_level":{
						
						}
					},
					{
						"white_exp@trade_new.xp_white_bar_trade_level":{
						
						}
					}
				]
			}
		]
	},
	"how_to_play_button@common_buttons.light_text_button":{
		"$pressed_button_name":"button.container_auto_place",
		"$button_type_panel":"trade2.icon_trade_all",
		"$button_text":"",
		"property_bag":{
			"#collection_name":"trade2_result_item"
		},
		"size":[
			18,
			18
		],
		"button_mappings":[
			{
				"mapping_type":"double_pressed",
				"from_button_id":"button.menu_select",
				"to_button_id":"button.container_auto_place"
			}
		],
		"bindings":[
			{
				"binding_name":"#trade_button_enabled",
				"binding_name_override":"#enabled"
			}
		]
	},
	"icon_trade_all@common.empty_image":{
		"texture":"textures/ui/icon_deals",
		"size":[
			"100% + 5px",
			"100% + 5px"
		]
	}
}