{
	"icon_hover_text_toggle@common.empty_panel":{
		"$toggle_view_binding_name|default":"this_toggle",
		"$template_toggle|default":"common_toggles.icon_toggle_content",
		"controls":[
			{
				"$toggle_view_binding_name@$template_toggle":{
					
				}
			}
		]
	},
	"icon_toggle_content@common.toggle":{
		"$unchecked_locked_control|default":"common_toggles.icon_toggle_default",
		"$unchecked_locked_hover_control|default":"common_toggles.icon_toggle_pressed",
		"$checked_locked_control|default":"common_toggles.icon_toggle_pressed",
		"$checked_locked_hover_control|default":"common_toggles.icon_toggle_pressed",
		"$unchecked_control|default":"common_toggles.icon_toggle_default",
		"$checked_control|default":"common_toggles.icon_toggle_pressed",
		"$unchecked_hover_control|default":"common_toggles.icon_toggle_defaulthover",
		"$checked_hover_control|default":"common_toggles.icon_toggle_pressedhover",
		"toggle_default_state":"$toggle_tags"
	},
	"icon_toggle_default@common_toggles.hovertext_and_icon_content":{
		"$default|default":true,
		"alpha":1,
		"texture":"$default_toggle"
	},
	"icon_toggle_pressed@common_toggles.hovertext_and_icon_content":{
		"$pressed|default":true,
		"alpha":1,
		"texture":"$press_toggle"
	},
	"icon_toggle_defaulthover@common_toggles.hovertext_and_icon_content":{
		"$hover|default":true,
		"alpha":1,
		"texture":"$default_toggle"
	},
	"icon_toggle_pressedhover@common_toggles.hovertext_and_icon_content":{
		"$hover|default":true,
		"alpha":1,
		"texture":"$press_toggle"
	},
	"hovertext_and_icon_content@common.empty_panel":{
		"$default|default":false,
		"$hover|default":false,
		"$pressed|default":false,
		"$extra_content|default":"common.empty_panel",
		"controls":[
			{
				"image@common.empty_image":{
					"layer":2,
					"size":"$button_icon_size",
					"texture":"$button_icon",
					"color":"$image_color"
				}
			},
			{
				"extra_content@$extra_content":{
					
				}
			}
		]
	},
	"hover_text_toggle@common.empty_image":{
		"ignored":"((not $hover) or (not $horver_texture))",
		"texture":"textures/ui/purpleBorder",
		"size":[
			"100%c + 12px",
			"100%c + 6px"
		],
		"anchor_from":"$anchor_from",
		"anchor_to":"$anchor_to",
		"layer":100,
		"$anchor_from|default":"right_middle",
		"$anchor_to|default":"right_middle",
		"offset":"$offset_hover_text",
		"$offset_hover_text|default":[
			"-100%",
			5
		],
		"controls":[
			{
				"label":{
					"type":"label",
					"text":"$hover_text_toggle",
					"text_alignment":"center",
					"font_type":"default",
					"layer":101
				}
			}
		]
	},
	"toggle_template_convert@common_toggles.light_ui_toggle":{
		"$button_type_panel":"common_toggles.button_label_convert",
		"$hover_texture": "textures/ui/button_borderless_light",
		"$radio_toggle_group":true,
		"$toggle_group_default_selected":0,
		"$toggle_name":"fuck"
	},
	"button_label_convert":{
		"type":"label",
		"color":"$text_color",
		"text":"$button_text",
		"text_alignment":"center",
		"font_scale_factor":"$font_scale",
		"$font_scale|default":0.9,
		"layer":2,
		"max_size":[
			"100% - 2px",
			"100% - 2px"
		]
	}
}