{
	"namespace":"common_buttons",
	"hovertext_and_label@common_buttons.new_ui_button_panel":{
		"controls":[
			{
				"$button_image@$button_image":{
					"ignored":"(not $button_image_visible)",
					"size":"$button_image_size",
					"offset":"$image_offset",
					"anchor_from":"$image_anchor",
					"anchor_to":"$image_anchor",
					"layer":1,
					"fill":"$button_image_fill",
					"color":"$button_image_color"
				}
			},
			{
				"button_content@common.empty_panel":{
					"$button_content_size|default":[
						"100% - 6px",
						"100% - 6px"
					],
					"size":"$button_content_size",
					"controls":[
						{
							"$button_type_panel@$button_type_panel":{
								"layer":3
							}
						}
					]
				}
			},
			{
				"border@common_buttons.focus_border":{
					"color":"$border_color",
					"layer":"$border_layer",
					"alpha":"$border_alpha",
					"ignored":"(not $border_visible)"
				}
			},
			{
				"hover_text@common_buttons.hover_text_button":{
					
				}
			}
		]
	},
	"icon_hover_text_button@common_buttons.light_text_button":{
		"$button_state_panel|default":"common_buttons.hovertext_and_label"
	},
	"hover_text_button@common.empty_image":{
		"ignored":"(not $hover_state and not $pressed_state)",
		"texture":"textures/ui/purpleBorder",
		"size":[
			"100%c + 12px",
			"100%c + 6px"
		],
		"anchor_from":"right_middle",
		"anchor_to":"right_middle",
		"layer":100,
		"offset":[
			"-100%",
			5
		],
		"controls":[
			{
				"label":{
					"type":"label",
					"text":"$hover_text_toggle",
					"color":"$color_hover_text",
					"text_alignment":"center",
					"font_type":"default",
					"layer":101
				}
			}
		]
	},
	"new_ui_button_panel":{
		"modifications":[
			{
				"array_name":"controls",
				"operation":"insert_front",
				"value":[
					{
						"$icon_image@common.empty_image":{
							"size":"$icon_image_size",
							"$icon_image|default":"textures/none",
							"texture":"$icon_image",
							"offset":"$icon_offset",
							"anchor_from":"$icon_anchor",
							"anchor_to":"$icon_anchor",
							"layer":9999,
							"fill":"$icon_image_fill",
							"color":"$icon_image_color"
						}
					}
				]
			}
		]
	},
	"green_content_button@common_buttons.light_content_button":{
		"$default_button_texture":"textures/ui/button_borderless_lighthover",
		"$hover_button_texture":"textures/ui/button_borderless_lightpressed",
		"$pressed_button_texture":"textures/ui/button_borderless_lightpressed",
		"$default_text_color":"$light_button_hover_text_color"
	},
	"red_content_button@common_buttons.light_content_button":{
		"$default_button_texture":"textures/ui/button_red",
		"$hover_button_texture":"textures/ui/button_red_pressed",
		"$pressed_button_texture":"textures/ui/button_red_pressed",
		"$pressed_no_hover_texture":"textures/ui/button_red_pressed",
		"$default_text_color":"$light_button_hover_text_color"
	}
}